1352Oakland,1353Oakland,1354Oakland,1355Oakland,1356Oakland,1357Oakland,1358Oakland,1359Oakland,1360Oakland,1361Oakland,1362Oakland,1363Oakland,1364Oakland,1365Oakland,1366Oakland,1367Oakland,1368Oakland,1369Oakland,1370Oakland,1371Oakland,1372Oakland,1373Oakland,1374Oakland,1375Oakland,1376Oakland,1377Oakland,1378Oakland,1379Oakland,1380Oakland,1381Oakland,1382Oakland,1383Oakland,1384Oakland,1385Oakland,1386Oakland,1387Oakland,1388Oakland,1389Oakland,1390Oakland,1391Oakland,1392Oakland,1393Oakland,1394Oakland,1395Oakland,1396Oakland,1397Oakland,1398Oakland,1399Oakland,1400Oakland,1401Oakland,1402Oakland,1403Oakland,1404Oakland,1405Oakland,1406Oakland,1407Oakland,1408Oakland,1409Oakland,1410Oakland,1411Oakland,1412Oakland,1413Oakland,1414Oakland,1415Oakland,1416Oakland,1417Oakland,1418Oakland,1419Oakland,1420Oakland,1421Oakland,1422Oakland,1423Oakland,1424Oakland,1425Oakland,1426Oakland,1427Oakland,1428Oakland,1429Oakland,1430Oakland,1431Oakland,1432Oakland,1433Oakland,1434Oakland,1435Oakland,1436Oakland,1437Oakland,1438Oakland,1439Oakland,1440Oakland,1441Oakland,1442Oakland,1443Oakland,1444Oakland,1445Oakland,1446Oakland,1447Oakland,1448Oakland,1449Oakland,1450Oakland,1451Oakland
0,1255.3,1010.9,1930.7,1751.9,2653.4,2509.4,4858,5256.9,8706.9,7609.2,7641.8,5933.9,6279.7,5917.8,5488.3,5436.7,6013,6904.2,6432.6,7674.3,6480.3,5321,5311.6,5548,6111.9,6353.9,4941.7,5624.4,3925.4,2963.8,3499.5,4649.2,1819.6,5632,5837,6690.2,8989.8,7709.1,8261.9,8307.5,8209.8,7539.3,6942.2,7402.8,8455.5,9066.4,9483.9,8554.5,8089.1,8236.4,8826.4,10287.9,9718.1,10181.5,12099.2,11455.8,11334.6,10591.3,9302.1,10427.7,10955.8,9477.3,8962.6,9972.9,11089.9,11078.2,12030.5,12951.7,11811.1,13901.3,12926.2,13826,12931.6,12844.8,11852.2,10356,9790.7,12512.5,12333.5,13260.3,14388.1,15000.9,14774.3,13499.1,16538.1,16204,19222.9,18881.9,19814.1,18546.1,17793.4,17080.4,16112,15608.6,16263.7,17535.8,20106.8,17001.2,17121.8
1127.1,0,1196,2443.1,1652.1,2011.1,1406.3,3475.5,4789.6,8239.5,7141.9,7174.4,5466.6,5812.4,5450.5,5020.9,4969.4,5545.6,6436.9,5965.3,7207,6013,3420.8,3700,3765.6,5644.6,4194.3,3766.7,3842,2629,1788.9,2324.6,3474.2,1957.6,6236.4,6441.5,7294.6,9594.2,8313.6,8232.6,7273.9,6410.9,5060.4,5139.4,5600,7988.1,8599.1,9016.6,6755.6,6290.2,6437.5,7027.5,8489,7919.2,9714.1,11631.9,9657,9535.7,8792.5,7503.2,8628.8,9156.9,7678.4,9567,10577.3,10572,9279.4,10231.7,11152.8,10012.2,13434,11127.3,11958.7,11132.8,11645,10652.4,10960.4,10395.2,13116.9,12937.9,13864.7,14992.5,15605.3,12751.2,12442.8,15928.5,16808.4,18755.6,18414.6,19346.7,19559.3,17770.9,17684.8,16716.4,16213.1,16868.1,18140.2,20711.2,17605.6,17726.2
1010.9,1196,0,758.2,1222.7,2420.8,2450.1,3885.1,5044.1,8494,7396.4,7428.9,5721.1,6066.9,5705,5275.4,5223.9,5800.1,6691.4,6219.8,7461.5,6267.5,5108.1,5098.7,5335.2,5899.1,6141.1,6819.4,5411.6,4117.2,2701,3236.7,4386.3,2830.5,7721.9,7927,8780.2,11079.8,9799.1,9818.7,8859.9,7996.9,7326.5,6729.4,7190,8242.6,8853.6,9271.1,8341.7,7876.2,8023.6,8613.5,10075.1,9505.2,9968.6,11886.4,11243,11121.7,10378.5,9089.3,10214.8,10743,9264.5,10709.6,11346.2,12158,10865.4,11817.7,12738.9,11598.2,13688.5,12713.4,13544.7,12718.8,13231.1,12238.4,12445.9,11880.7,14602.5,14086.7,15350.3,16478.1,15207,14337.3,14028.9,16183,18972,19010.1,18669.1,19601.2,19813.8,18025.4,17286.4,16318.1,16103,18353.7,19625.8,22196.8,19091.2,19211.8
1930.7,2453.6,758.2,0,819.1,2097.8,2589.7,3562.1,4374.7,6898.3,6373.5,7184.7,5476.8,5822.7,5460.8,5031.2,5103,5555.9,6447.1,5975.5,7217.2,6023.2,4214.7,4648.6,4714.2,4910.3,5142.9,5183.7,4790.6,3794.2,3205.8,3646.9,4891.2,3671.8,7784.4,7989.5,8842.6,11142.3,9861.6,9572.3,8613.5,7750.5,7080.1,6483,6943.6,7998.4,8609.4,9026.8,8095.2,7629.8,7777.1,8367.1,9828.7,9258.8,9724.4,11642.1,10996.6,10875.3,10132.1,8842.8,9968.4,10496.6,9018.1,10463.2,11099.8,11911.6,10619,11571.3,12492.4,11351.8,13444.2,12466.9,13298.3,12472.4,12984.7,11992,12508.4,11943.2,14664.9,13840.3,15412.7,16540.5,14960.5,14090.9,13782.5,14941.5,16163.6,18765.8,18424.9,19357,19569.6,17781.1,17040,16071.7,15856.6,18416.1,19688.3,22259.3,19153.6,19274.2
1751.9,1662.5,1274.6,819.1,0,1306.7,1798.6,2771,3811.1,6334.8,5809.9,6393.6,4685.8,5031.6,4669.7,4240.1,4311.9,4764.8,5656.1,5184.5,6426.2,5232.2,3423.6,3857.6,3923.1,4119.2,4351.8,4392.6,3999.5,3003.1,2414.8,2855.8,4100.1,2880.7,6993.3,7198.4,8051.5,10351.2,9070.5,8781.2,7822.4,6959.4,6289,5691.9,6152.5,7207.3,7818.3,8235.8,7304.2,6838.7,6986.1,7576,9037.6,8467.7,8933.3,10851,10205.5,10084.2,9341,8051.8,9177.3,9705.5,8227,9672.1,10308.7,11120.5,9827.9,10780.2,11701.4,10560.7,12653.1,11675.9,12507.2,11681.3,12193.6,11200.9,11717.3,11152.1,13873.9,13049.2,14621.7,15749.4,14169.5,13299.8,12991.4,14150.4,15372.6,17974.7,17633.8,18565.9,18778.5,16990,16248.9,15280.6,15065.5,17625,18897.2,21468.2,18362.6,18483.1
2485.7,2000.9,2252.8,2106.2,1315.1,0,615.5,1464.3,3278,5801.7,4878.1,5066.4,3809.3,4390.9,3730.3,3017.6,3086.1,2974.7,3590.3,3878.6,4609.6,3318,2116.9,2550.8,2616.4,2812.5,3045.1,4080.2,2692.8,1696.4,1739.6,1549.1,3837.8,3699.9,7812.5,6633.8,7486.9,11170.3,7808.2,7083.4,6124.7,5261.7,4587.3,3990.2,4450.8,4932.7,5543.7,7080.3,5606.4,5141,5288.3,5878.3,7339.8,6770,8712.4,8960,8507.8,8386.5,7643.3,6354,7479.6,8007.7,6529.2,7974.4,8610.9,9422.8,8130.2,9082.5,10003.6,8863,11144.4,9978.1,10809.5,9983.6,10495.8,9503.2,9751,11971.3,12827,11351.5,12476.4,13604.2,12471.7,11602,11293.6,12452.7,13674.8,17753.9,17412.9,18345,16108.4,15264.3,14551.2,13582.9,13367.7,15479.8,16751.9,19322.9,16217.3,16337.9
2381.2,1406.3,2450.1,2605.9,1814.8,615.5,0,2087.8,3993.6,6517.3,5593.7,5782,4417.4,4999,5374.5,3625.7,3694.2,3225.6,3954.1,3956.1,4973.5,3300.3,2041.2,2320.5,2386.1,2794.9,2814.8,3849.8,2462.4,1249.5,1342.7,972.3,2971.5,2939.9,6154.3,5767.4,6620.6,8917,7577.9,6853.1,5894.3,5031.4,4357,3759.8,4220.4,4702.4,5313.3,6850,5376.1,4910.6,5058,5647.9,7109.5,6539.6,8309.6,8729.7,8277.4,8156.1,7412.9,6123.7,7249.2,7777.4,6298.9,7744,8380.6,9192.4,7899.8,8852.1,9773.3,8632.6,10914.1,9747.8,10579.1,9753.2,10265.5,9272.8,9520.6,9717.9,12596.6,11121.1,12246.1,13373.8,12241.4,11371.7,11063.3,12222.3,13444.5,16339.2,15998.2,16930.3,15878.1,15033.9,14320.8,13352.5,13137.4,15249.4,16521.6,19092.6,15986.9,16107.5
4751.2,3465.2,3717.1,3570.5,2779.4,1464.3,2088.8,0,1564.4,4660.4,4040.6,4420.6,2477,3058.6,2398,1685.3,1308.6,1630.1,2245.6,2247.5,3264.9,1973.3,652.6,1209.3,2036.2,1467.9,2236.2,3499.9,2112.5,1599.1,2703.1,1897.7,4188.9,5838.9,9951.5,6984.9,7838.1,13309.4,7241.9,6517.1,5558.4,4695.4,4007,3409.9,4212.9,3796.9,4407.8,4825.3,5040.1,4574.7,4722,5312,6126.7,5467,5247.5,7298.8,6528.1,7049.3,7077,5787.7,6913.3,7441.4,5962.9,7408,8044.6,8856.5,7563.9,8516.2,9437.3,8296.7,9500.1,9411.8,10243.2,9417.3,9929.5,8936.9,9184.7,10479.6,12260.6,10785.2,11910.1,13037.9,11905.4,11035.7,10727.3,11004.7,11945.7,14821.7,14480.8,15412.9,15625.5,12774.1,12822.1,13016.5,12801.4,14913.5,16185.6,18756.6,15651,15771.6
5439.7,4812.7,5018.7,4374.7,3811.1,3338.8,3946.9,1582.6,0,2920.1,2300.3,2488.6,626.1,1731.3,1881.2,1294.9,1595,2213.3,2717.6,2396,3647.5,2887.3,2712.6,2829.1,3277.8,2518.9,3150.2,4460.8,4265.4,4081.4,4577.6,4380.1,6671.3,6527.5,10640.1,10845.2,11698.3,13997.9,8215.4,7483.6,6531.9,5668.9,4967.9,4370.8,4684.9,4268.9,4879.8,5297.3,5436.8,5548.2,5695.5,6285.5,6598.7,5939,6154.6,8072.3,7000.1,7521.3,8043.5,6761.2,7879.8,8407.9,6929.5,8374.6,9011.1,9823,8530.4,9482.7,10403.8,8339.9,9874.4,9605.2,10570.1,10383.8,10896,9903.4,10151.2,11446.1,13227.2,11751.7,12876.6,14004.4,12871.9,12002.3,11693.8,11476.7,12417.7,15196,14855.1,15787.2,15999.8,14211.3,13294.1,13181.6,13767.9,15880,17152.1,19723.1,16617.5,16738.1
7817.4,7190.4,7604.6,6464.4,5900.9,5165.1,5789.6,5675.6,2924.1,0,2993.2,3060,3120.7,3734,4280.6,3694.4,3994.4,4612.7,5117,5021.2,5979.1,5286.7,6326.9,6317.5,6554,4918.4,7359.8,8038.1,6630.3,5907.7,6403.9,6206.3,8497.5,8905.1,13017.7,13222.8,14075.9,14802.3,11762.2,11037.5,10078.7,9215.7,8545.3,7948.2,8408.8,6668.3,7279.3,7696.7,9560.5,9095,9242.3,9832.3,9125.5,10724,8625.2,10542.9,12461.8,12340.5,11597.3,10308,11433.6,11961.8,10483.3,11928.4,12565,13376.8,12084.2,13036.5,13957.6,12817,12345,12921.4,14763.5,13937.6,14449.9,13457.2,13705,14999.9,16781,15305.5,16430.4,17558.2,16425.7,15556.1,15247.7,14839.6,17628.5,17666.6,17325.7,18257.8,18470.4,16681.9,16252.5,17536.9,17321.8,19433.8,20706,23277,20171.3,20291.9
7865,7238,7652.2,6373.5,5809.9,5337.6,5945.7,4009.8,2333.6,2933.5,0,508.2,1866,2019,2529.9,2448,3403.9,3736.2,3516.3,2766.9,3724.8,4696.2,4521.5,4638,5086.7,4327.8,4959.1,6269.7,6074.3,6080.2,6576.4,6378.9,8670.1,8952.8,13065.4,13270.4,14123.6,16423.2,10024.3,9292.5,8693.4,7477.8,6776.8,6179.7,5483.6,5067.5,5678.5,6096,6235.5,6995.9,7593.6,7195.1,6871.3,6211.5,6234.3,8152,7336.2,7896.7,8214.4,8922.7,8979.6,10216.8,8738.3,10183.5,10820,11631.9,10339.3,8979.6,9639.4,8715.3,9954.1,10530.5,11495.3,11145.8,12027.6,11712.3,11960.1,13255,15036.1,13560.6,14685.5,14388.4,13337.7,13084.1,12356.6,12448.7,15237.7,15275.7,14934.8,15866.9,16079.5,14291,13861.6,14106.8,15009.1,15486,18961,21532,18426.4,17711.1
7858.5,7231.6,7645.7,7278.5,6487.4,5098.2,5706.3,4386.8,2445.7,2976.5,508.2,0,1934.4,1455.3,1966.2,2697.9,3441.6,3865.2,2952.6,2203.2,3161.1,4932.5,4757.8,4874.3,5323,4564.1,5195.4,6506,6469.1,5704.3,6337,6002.9,8294.2,8946.3,13058.9,13264,14117.1,16416.7,10385.2,8991.6,8129.7,7215.3,7013.1,5877.8,4919.9,4503.8,5114.8,5532.3,5671.8,6432.2,7029.9,6631.3,6307.6,5647.8,5670.6,7588.3,6772.5,7333,7650.7,8359,8415.9,11800.5,10322.1,9882.5,12403.8,13215.6,11923,8415.9,9075.7,8151.6,9390.4,9966.8,10931.6,10582.1,11463.9,13296,13543.8,12954.1,16619.8,13089.5,16269.2,13824.7,12774,12520.4,11792.9,11885,14673.9,14712,14371.1,15303.2,15515.8,13727.3,13297.9,13543.1,14445.4,14922.3,20544.8,23115.7,17692.7,17147.4
6189.7,5562.7,5976.9,5096.6,4818.6,3684.6,4309.2,2302.3,626.1,3141.7,1866,1954.9,0,1202.5,1327.2,772.8,1696.4,2314.7,2313.5,1841.9,3093.4,2988.7,2814,2930.5,3379.2,2620.3,3251.6,4562.2,4366.8,3760.5,4940,4059.1,6350.4,7277.5,11390.1,11595.2,12448.3,14747.9,8316.8,7585,6633.3,5770.3,5069.3,4472.2,4280.8,3864.8,4475.7,4893.2,5032.7,5649.6,5796.9,6518.4,6194.7,5534.9,5600.6,7518.3,6596.1,7117.2,7474.3,6862.6,7981.2,8509.3,7030.8,8476,9112.5,9924.4,8631.8,8239.4,8899.3,7935.8,9320.4,9201.1,10166,9816.5,10997.4,10004.8,10252.6,11547.5,13328.6,11853.1,12978,14105.8,12008.4,12103.6,11027.3,11072.6,14603.9,14642,14301,15233.2,15445.7,13657.3,12890,12777.5,13869.3,15981.4,17253.5,19824.5,16718.9,16839.5
6498.7,5871.8,6285.9,5918.7,5127.6,4391.5,5016,3009.1,1731.3,3755.1,1985.3,1440.7,1202.5,0,588.5,1320.2,2104.3,2527.9,1574.9,1103.3,2373.5,3595.1,3420.5,3536.9,3985.7,3226.8,3858,5168.6,5109.3,4366.9,5056.6,4665.6,6956.8,7586.5,11699.1,11904.2,12757.3,15056.9,8384.1,9516.5,6465.4,5837.6,5675.8,4500.1,3542.2,3126.2,3737.1,4154.6,4294.1,5054.5,6178.4,5779.8,5456.1,4796.3,4880.6,6798.4,5857.5,6378.6,6735.7,6929.9,7500.8,10440.7,8962.3,10407.4,11044,11855.8,10563.2,7500.8,8160.7,7197.2,8600.5,8462.5,9427.4,9077.9,9959.7,11936.2,12184,15857.9,15260,13784.5,14909.4,12320.5,11269.8,11016.2,10288.7,10334,11275,13922.1,13581.1,14513.2,14725.8,12937.4,12151.4,12038.9,12941.2,13418.1,19184.9,21755.9,18650.3,14132.6
8968.3,8341.3,8755.5,8388.3,7597.2,6366.8,6187.6,4469.4,5139.6,7394.3,5023.2,4478.6,4431.4,3692.9,0,4075.9,3453.9,3129.3,2310,2699,1784.9,4944.8,4770.1,4509.4,5335.3,4576.4,5207.7,5476.9,6322.9,5716.6,6406.2,6015.3,8306.5,10056.1,14168.7,14373.8,11695.5,12304.9,9264.8,7871.2,7009.2,6085.1,5984,4841.4,3751.1,3335,3792.4,4034.7,4512.1,5301.9,5909.5,5510.9,5187.2,4527.4,4292.1,6209.8,5652.1,7081.2,6530.3,7238.6,7295.5,9014.5,7536.1,8762.1,9617.8,10963.1,9457.7,8305.7,8706.5,7514.6,8011.9,8588.2,9553.1,9203.6,10085.4,10510,11291.3,11833.7,13833.8,11711,13056.9,12446.2,11395.5,11141.9,10414.4,10506.5,13295.4,13333.5,12992.6,13924.7,14137.3,12348.8,11919.4,12164.6,13066.9,13543.8,17758.7,19859.7,16314.2,15768.9
5681.9,5054.9,5469,5101.8,4310.7,3130.9,3755.4,1748.5,1134.4,3554.5,2398.3,2541.9,723,1179.9,818,0,1034.8,1686.5,1804.3,1332.7,2585.5,2434.9,2260.3,2376.7,2825.5,2066.6,2697.8,4008.4,3813,3206.7,4386.2,3505.4,5796.6,6769.6,10882.2,11087.3,11940.4,14240.1,7763.1,7031.3,6079.5,5216.6,4515.6,3918.4,3771.7,3355.6,3966.6,4384,4523.5,5095.9,5243.2,6009.2,5685.5,5025.7,5092.7,7010.4,6086.9,6608,6965.1,6308.9,7427.5,7955.6,6477.1,7922.2,8558.8,9370.6,8078,7730.3,8390.1,7426.6,8812.5,9388.9,10353.7,10004.2,10443.7,9451,9698.8,10993.7,12774.8,11299.3,12424.3,13552,12196.1,11549.9,11215,11307.1,14096,14134.1,13793.2,14725.3,14937.9,13149.4,12720,12965.2,13315.6,15427.6,16699.8,19270.8,16165.1,16285.7
5647,5020.1,5434.2,5067,4275.9,3023.8,3648.3,1308.6,1568.2,3988.2,2873.5,2934.7,1198.2,1572.7,1182.5,752.5,0,869.8,1340.2,921.1,2359.5,1937,1762.4,1878.8,2327.6,1568.7,2199.9,3510.5,3315.1,2708.8,3398.5,3007.5,5298.7,6734.8,10847.4,11052.5,11905.6,14205.2,7265.2,6533.4,5581.6,4718.7,4017.7,3420.5,3307.5,2891.4,3502.4,3919.9,4059.3,4598,4745.3,5545.1,5221.3,4561.6,4342.1,6393.3,5622.7,6143.9,6501,5811,6929.5,7457.7,5979.2,7424.3,8060.9,8872.7,7580.1,7266.1,7926,6962.4,8594.7,8227.8,9192.7,9433.5,9945.8,8953.1,9200.9,10495.8,12276.9,10801.4,11926.3,13054.1,11035,11052,10743.6,10099.3,11040.3,13916.3,13575.3,14507.5,14720,11868.7,11916.6,11804.1,12817.7,14929.7,16201.9,18772.9,15667.2,15787.8
5916,5289.1,5703.2,5336,4544.9,3017.5,3161.6,1672.8,2347.2,4767.3,3956.5,3412,1670.7,2111.3,1749.4,1225,500.5,0,1269.2,1271.1,2288.5,1918.8,1744.1,1860.6,2309.4,1550.4,2181.7,3492.3,3296.9,2690.6,3380.2,2989.3,5280.5,7003.8,11116.4,8076.5,8929.6,10287,7247,6515.2,5563.4,4700.4,3999.4,3402.3,3236.5,2820.5,3431.4,3848.9,3988.4,4579.7,4727.1,5474.1,5150.3,4490.6,4271.1,6322.4,5551.8,6072.9,6430,5792.8,6911.3,7439.4,5961,7406.1,8042.7,8854.5,7561.9,7195.1,7855,6891.5,8523.7,8156.8,9121.7,9415.3,9927.5,8934.9,9182.7,10477.6,12258.7,10783.2,11908.1,13035.9,10964.1,11033.8,10725.3,10028.3,10969.3,13845.3,13504.4,14436.5,14649.1,11797.7,11845.7,11733.2,12799.4,14911.5,16183.6,18754.6,15649,15769.6
7072.4,6445.5,6859.6,6492.4,5701.3,4421.3,4242.1,2523.9,2965.7,5386.2,3161.7,2617.2,2594.4,1855.8,1630.2,2150.1,1508.4,1221.8,0,753.5,1019.5,2999.3,2824.6,2941.1,3389.9,2630.9,3262.2,4572.8,4377.4,3771.1,4460.7,4069.8,6361,8160.2,12272.8,12477.9,9581,10190.4,7150.3,6766.4,5904.5,4603.8,5079.9,3266.3,2308.4,1892.3,2503.3,2920.8,3060.3,3820.7,4804.7,4406.2,4082.4,3422.6,2997.7,5437.9,4547.3,5107.8,5425.6,6133.8,6190.7,7909.8,6431.3,7657.4,8513,9324.8,7547.6,6190.7,6850.6,5926.4,7240,7191.8,8156.7,7807.1,8688.9,9405.3,9653,10728.9,12729,10314.6,12378.5,11049.7,9999,9745.4,9017.9,9063.3,10004.2,12561.6,12220.6,13152.7,13365.3,10729.7,10880.6,10768.1,11670.4,12147.3,16654,19225,13407.1,12861.8
6322.2,5695.2,6109.4,5742.1,4951,4144.5,3965.3,2247.1,2335.2,4913.2,2688.7,2144.2,1793.4,1241.8,879.9,1418.8,1231.6,1655.3,702.3,0,1490.6,2722.5,2547.8,2664.3,3113,2354.1,2985.4,4296,4100.6,3494.3,4183.9,3793,6084.2,7409.9,11522.5,11727.6,12580.7,14880.4,7511.5,6689.9,5592.7,4965,4803.1,3627.5,2669.6,2253.5,2864.5,3282,3421.5,4181.9,5305.7,4907.2,4583.4,3923.7,3468.8,5755.5,4984.8,5506,5863.1,6057.3,6628.2,8243.1,6764.7,7580.8,8846.4,9658.2,8365.6,6628.2,7288.1,6324.5,7721.5,7589.9,8554.8,8205.2,9087,9738.6,9986.4,10652.4,13062.4,10712.7,12711.8,11447.8,10397.1,10143.6,9416.1,9461.4,10402.4,13043.1,12702.1,13634.2,13846.8,11230.8,11278.7,11166.2,12068.5,12545.5,16987.3,19558.3,13805.2,13259.9
12297.1,11670.1,12084.3,11717.1,10926,10356.9,10116.9,7642.5,8084.3,10862.5,8246.5,7702,7768.3,7216.8,6854.9,7393.7,6627,6274.7,5423.3,5838.3,0,7216.4,7347.8,7190.8,7607,6848,6530.1,7961.9,8151.4,9402.1,10099.7,9700.8,11992,13384.9,13937.2,9700.9,10900.1,11509.4,8469.4,7075.8,6213.8,6590.5,7233.5,5809.1,5489.2,4578.2,4323.9,3863.9,4604.6,5110.1,5114,4715.5,4053.2,3420.7,2500.7,4418.4,4518.4,5289.8,6446.7,6443.2,6592.1,7923.8,6740.6,7966.7,8761.6,9171.7,7666.3,6514.2,6915.1,5723.2,6220.5,6796.8,7761.7,7412.1,8293.9,9360.1,9499.9,11038.2,12977.6,9919.6,11265.5,10654.7,9604,9350.5,8623,8715.1,11504,11542.1,11201.1,12133.3,12345.8,10557.4,10127.9,10373.1,11275.4,11752.4,16525.8,18068.2,14522.8,13977.5
6749,6122.1,6536.2,6510.3,5719.2,3616.5,4055.4,2271.8,3180.2,5600.3,4980.5,5176.3,3416.8,3875.6,3513.7,2625.1,2250,1932.8,3033.5,3035.4,3199.2,0,1948.9,1393.5,1159.5,1009.5,958.5,2269.1,2073.7,3340.7,4038.2,3639.3,5930.5,7836.8,11949.4,6160.4,8454.5,9063.8,6023.8,5292,4340.2,3477.3,2776.2,2179.1,2299.2,2781.1,3392.1,3339.6,2810.9,3356.5,3503.9,4093.8,5555.4,4985.5,5177.4,7168.5,6716.3,6595,5851.8,4569.6,5688.1,6216.2,4737.8,6182.9,6819.5,7631.3,6338.7,7291,8212.1,7071.5,9352.9,8186.6,9018,8192.1,8704.4,7711.7,7959.5,9254.4,11035.5,9560,10684.9,11812.7,10680.2,9810.6,9502.1,10661.2,11883.3,14778,14437.1,15369.2,14316.9,13472.8,12759.7,11791.4,11576.2,13688.3,14960.4,17531.4,14425.8,14546.4
5346.2,3313.2,5133.4,4223.1,3432,2116.9,2037.4,652.6,2701.2,5121.2,4501.4,4697.2,2937.8,3396.6,3034.7,2146.1,1770.9,1705.6,2554.5,2556.4,2972,1650,0,688.7,1523.8,1144.5,1952.5,2987.6,1600.2,1566.4,2256,1865,4156.3,4585.2,10546.6,7049.8,7902.9,9769.6,6729.6,6004.8,5046,4183.1,3494.7,2897.6,3358.2,3293.8,3904.8,4322.3,4527.8,4062.3,4209.7,4799.6,6261.2,5691.3,4950.2,7881.4,7429.1,7307.8,6564.6,5275.4,6400.9,6929.1,5450.6,6895.7,7532.3,8344.1,7051.5,8003.8,8925,7784.3,10065.8,8899.5,9730.8,8904.9,9417.2,8424.5,8672.3,9967.2,11748.3,10272.8,11397.8,12525.5,11393.1,10523.4,10215,11374,12596.2,14514.1,14173.1,15105.3,15029.8,14185.6,13472.5,12504.2,12289.1,14401.1,15673.3,18244.3,15138.6,15259.2
4444.1,3469.1,5062.5,4692.8,3901.7,2433.4,2193.3,1066.1,2832.1,5252.2,4632.3,4828.2,3068.7,3527.5,3165.6,2277,1901.9,1584.7,2685.4,2687.3,2851.1,1529,553.8,0,649.7,792.6,1436.1,2471.2,1083.8,1478.6,2176.1,1777.2,4068.4,4741.2,10475.7,6730,7583.1,9449.8,6409.7,5685,4726.2,3863.2,2978.3,2381.2,2841.8,3172.9,3783.8,4201.3,3420.4,3742.5,3889.9,4479.8,5941.4,5371.5,4829.3,7561.6,7109.3,6988,6244.8,4955.6,6081.1,6609.3,5130.8,6575.9,7212.5,8024.3,6731.7,7684,8605.2,7464.5,9746,8579.6,9411,8585.1,9097.4,8104.7,8352.5,9647.4,11428.5,9953,11077.9,12205.7,11073.3,10203.6,9895.2,11054.2,12276.4,14393.2,14052.2,14984.3,14710,13865.8,13152.7,12184.4,11969.3,14081.3,15353.5,17924.5,14818.8,14939.4
4865.6,3890.7,5107.7,4961.1,4170,2854.9,2614.8,1715.9,3265.2,5685.2,5065.4,5261.3,3501.8,3960.6,3598.7,2710.1,2335,2017.8,3118.5,3120.4,3284.2,1462.9,1203.5,649.7,0,1094.5,600.7,1840.3,887.4,1900.1,2597.7,2198.7,4490,5162.7,8404.7,5452.3,8025.6,8635,5594.9,4863.1,3911.4,3048.4,2347.4,1750.3,2210.9,2692.8,3303.8,3251.3,2789.5,2927.7,3075,3665,5126.5,4556.7,4913.2,6739.7,6287.4,6166.2,5422.9,4140.7,5259.3,5787.4,4308.9,5754,6390.6,7202.4,5909.9,6862.1,7783.3,6642.7,8924.1,7757.8,8589.1,7763.3,8275.5,7282.9,7530.7,8825.6,10606.6,9131.2,10256.1,11383.9,10251.4,9381.7,9073.3,10232.3,11454.5,14349.2,14008.2,14940.4,13888.1,13043.9,12330.9,11362.5,11147.4,13259.5,14531.6,17102.6,13997,14117.5
6075.1,5448.1,5862.3,5495,4704,2794.9,2752.7,1450.2,2506.3,4926.3,4306.5,4502.3,2742.9,3201.7,2839.8,1951.2,1576,1258.8,2359.6,2361.5,2525.2,704,1127.2,792.6,1094.5,0,966.9,2277.4,2082,2341.1,3038.7,2639.7,4931,7162.8,11275.4,6168.7,8462.8,9072.1,6032.1,5300.3,4348.6,3485.6,2784.6,2187.5,2307.5,2847,3458,3875.5,2819.2,3364.9,3512.2,4102.2,5563.7,4993.9,4503.5,7176.9,6724.6,6603.4,5860.1,4577.9,5696.5,6224.6,4746.1,6191.2,6827.8,7639.6,6347,7299.3,8220.5,7079.8,9361.3,8195,9026.3,8200.4,8712.7,7720.1,7967.8,9262.8,11043.8,9568.4,10693.3,11821,10688.6,9818.9,9510.5,10669.5,11891.7,14067.3,13726.4,14658.5,14325.3,13481.1,12768.1,11799.7,11584.6,13696.6,14968.8,17539.8,14434.2,14554.7
6332.5,4318.6,6119.7,5750,4958.9,3282.9,3042.8,2229.2,3137.5,5557.6,4937.8,5133.6,3374.2,3833,3471.1,2582.5,2207.3,1890.1,2990.8,2992.8,3156.5,1335.2,1906.2,1393.5,600.7,966.9,0,1508.8,1313.4,2328.1,3025.7,2626.7,4917.9,5590.7,11532.9,5400.1,7694.2,8303.5,5263.5,4531.7,3579.9,2717,2015.9,1418.8,1538.9,2020.8,2631.8,2579.3,2050.6,2596.2,2743.6,3333.5,4795.1,4225.2,4241.2,6408.2,5956,5834.7,5091.5,3809.3,4927.8,5455.9,3977.5,5422.6,6059.2,6871,5578.4,6530.7,7451.8,6311.2,8592.6,7426.3,8257.7,7431.8,7944.1,6951.4,7199.2,8494.1,10275.2,8799.7,9924.6,11052.4,9919.9,9050.3,8741.8,9900.9,11123,14017.7,13676.8,14608.9,13556.6,12712.5,11999.4,11031.1,10816,12928,14200.2,16771.1,13665.5,13786.1
4452.3,3688.5,6604.3,6234.7,5443.6,3355.6,3115.5,2931.1,4465.2,9001,6265.4,7720.6,4701.8,6358.6,5996.7,3910.1,3534.9,3217.7,3969.1,4320.4,4059.7,2662.8,2289.2,1934.8,1780.3,2294.5,1525.8,0,1036.1,2400.7,2463.4,1911.3,3950.7,4938.3,7545,3986,6518.7,7832.5,5272.9,4857.3,3589.4,2127.6,1395.9,1428.3,2244,2725.9,3336.8,4545,2467.5,2605.7,2753,3343,4804.5,4234.7,4946.2,6733.9,6281.6,6160.4,5417.1,3818.7,5253.5,5781.6,4303.1,5748.2,6384.8,7196.6,5904.1,6856.4,7777.5,6636.9,8918.3,7752,8583.3,7757.5,8269.7,7277.1,7524.9,8819.8,10600.8,9125.4,10250.3,11378.1,10245.6,9375.9,9067.5,10226.6,11448.7,14343.4,14002.4,14934.6,13882.3,13038.2,12325.1,11356.7,11141.6,13253.7,14525.8,17096.8,13991.2,14111.8
4472.7,3497.7,4714.7,4568.1,3777.1,2461.9,2221.9,2037.4,4618.4,7750.8,6218.5,6470.4,4762.5,5108.4,4746.5,3425.2,3050.1,2732.9,3833.6,3835.5,3999.3,2809.2,1395.6,1041.2,886.7,1406,1315.4,1036.1,0,1507.1,2204.7,1805.8,4097,4769.8,7377.3,4564.8,6977.2,9273.7,6105.1,5373.3,4421.6,3558.6,2104.1,2260.5,2721.1,3203,3814,3761.5,3299.7,3437.9,3585.2,4175.2,5636.8,5066.9,5423.4,7249.9,6797.6,6676.4,5933.1,4650.9,5769.5,6297.6,4819.1,6264.2,6900.8,7712.6,6420.1,7372.4,8293.5,7152.9,9434.3,8268,9099.3,8273.5,8785.7,7793.1,8040.9,9335.8,11116.8,9641.4,10766.3,11894.1,10761.6,9891.9,9583.5,10742.6,11964.7,14859.4,14518.4,15450.6,14398.3,13554.2,12841.1,11872.7,11657.6,13769.7,15041.8,17612.8,14507.2,14627.8
3688.4,2713.5,3930.5,3783.9,2992.8,1677.7,1235.5,1599.5,4026.4,7992.2,5626.6,5814.9,3884.7,4343.5,3981.6,3093,2717.9,2772.8,3501.4,3503.3,4520.7,3594.8,1394.4,1606.7,1672.3,2191.6,2101,2540.1,1748.7,0,1039.3,648.3,2939.5,3985.5,6988.6,5735.5,6588.6,8885,6864.1,6139.3,5180.6,4317.6,3643.2,3046.1,3506.7,3988.6,4599.6,6136.2,4662.3,4196.9,4344.2,4934.2,6395.7,5825.9,7595.9,8015.9,7563.7,7442.4,6699.2,5409.9,6535.5,7063.6,5585.2,7030.3,7666.8,8478.7,7186.1,8138.4,9059.5,7918.9,10200.3,9034,9865.4,9039.5,9551.7,8559.1,8806.9,9686,11882.9,10407.4,11532.3,12660.1,11527.6,10658,10349.5,11508.6,12730.7,15625.4,15284.5,16216.6,15164.3,14320.2,13607.1,12638.8,12423.6,14535.7,15807.8,18378.8,15273.2,15393.8
2479.6,1715.8,2685,3213.3,2422.3,1726.6,1328.7,2709.4,4523.1,7046.8,6123.2,6311.5,5054.4,5636,4975.4,4262.7,3417.4,3472.3,4200.9,4202.8,5220.2,4292.1,2259.9,2304.1,2369.6,2888.9,2798.3,2468.5,2300.8,1039.3,0,613.5,2176,2965.6,6225.1,4972,5825.1,8121.5,6840.9,6836.7,5877.9,5014.9,3762.2,3743.4,4204,4685.9,5296.9,6833.6,5359.6,4894.2,5041.5,5631.5,7093.1,6523.2,8293.2,8713.2,8261,8139.7,7396.5,6107.2,7232.8,7760.9,6282.5,7727.6,8364.2,9176,7883.4,8835.7,9756.8,8616.2,10897.6,9731.3,10562.7,9736.8,10249,9256.4,9487.7,8922.5,11644.2,11104.7,12229.6,13357.4,12224.9,11355.3,11046.8,12205.9,13428,16322.7,15981.8,16913.9,15861.6,15017.5,14304.4,13336.1,13120.9,15233,16505.1,19076.1,15970.5,16091.1
3015.3,2251.5,3220.7,3642.3,2851.2,1536.1,972.3,1898.2,4325.1,8290.8,5925.2,6113.5,4183.4,4642.1,4280.3,3391.6,3016.5,3071.4,3800,3801.9,4819.3,3893.4,1693.1,1905.4,1971,2490.3,2399.7,1911.3,1743.5,648.3,613.5,0,2513.7,3501.3,6562.8,5309.7,6162.8,8459.2,7178.5,6438,5479.2,4616.3,3204.9,3344.7,3805.3,4287.3,4898.2,6434.9,4961,4495.5,4642.9,5232.9,6694.4,6124.5,7894.5,8314.6,7862.3,7741,6997.8,5708.6,6834.2,7362.3,5883.8,7328.9,7965.5,8777.3,7484.7,8437,9358.2,8217.5,10499,9332.7,10164,9338.1,9850.4,8857.8,9105.5,9260.1,11981.9,10706,11831,12958.7,11826.3,10956.6,10648.2,11807.2,13029.4,15924.1,15583.1,16515.2,15463,14618.8,13905.7,12937.4,12722.3,14834.3,16106.5,18677.5,15571.9,15692.4
4151.7,3387.9,4357.1,4885.4,4094.3,3811.5,2956.9,4176.2,6603.1,10568.8,8203.2,8391.5,6461.4,6920.1,6558.3,5669.6,5294.5,5349.5,6078,6079.9,7097.3,6171.4,3971.1,4183.4,4249,4768.3,4677.7,3942.6,3774.8,2926.3,2162.8,2500.5,0,4637.7,7699.2,6446.1,7299.2,9595.6,8314.9,8716,7757.2,6894.3,5236.3,5622.7,6083.4,6565.3,7176.2,8712.9,7239,6773.5,6920.9,7510.9,8972.4,8402.5,10172.5,10592.6,10140.3,10019,9275.8,7986.6,9112.2,9640.3,8161.8,9606.9,10578.7,11055.3,9762.7,10715,11636.2,10495.5,12777,11610.7,12442,11616.1,12128.4,11135.8,10961.8,10396.5,13118.3,12939.3,13866.1,14993.9,14104.3,13234.6,12926.2,14085.2,15307.4,18202.1,17861.1,18793.2,17741,16896.8,16183.8,15215.4,15000.3,16869.5,18141.6,20712.6,17607,17727.6
1845.3,1957.6,2856.2,3995.4,3403.4,3444.1,2932.6,5018.9,6876.3,10326.2,9228.6,9261.1,7553.3,7899.1,7537.2,7107.6,7056.1,7632.3,8523.6,8052,9293.7,8099.7,4597.5,4876.7,4942.3,5351.1,5371,4961.9,4794.1,3945.6,2984,3519.7,4669.3,0,4120.1,4364,5217.1,7516.7,6236.1,6788.8,6834.4,6942.1,6255.5,6316.1,6776.7,10074.8,10685.8,9495.6,7932.3,7466.9,7703.5,8293.5,9755.1,9185.2,11800.8,11084.7,10632.4,10511.2,9767.9,8941.7,10743.1,9710.5,8290.4,7489.5,8499.8,9616.8,9799.2,10785.3,11125,11689.5,14031.6,12804.6,12352.9,11486.6,11371.7,10379.1,8882.9,8317.7,11039.4,10860.4,11787.2,12915,13527.8,13301.3,12026.1,15065,14730.9,18823.8,17969.8,18522.9,17073,16320.3,15607.3,14638.9,14135.6,14790.6,16062.7,18633.7,15528.1,15648.7
5532.1,6468.1,6632.3,7652.4,7060.4,8058.1,6145.2,10134.3,10533.2,13983.2,12885.5,12918.1,11210.3,11556.1,11194.2,10764.6,10713.1,11289.3,12180.6,11709,12950.7,11756.7,10597.3,10587.9,8267.8,11388.3,11630.2,7751.6,7583.9,6945.1,6181.6,6519.3,7668.9,4118.3,0,3967.3,4224.4,6962.1,6490.4,7043.1,7088.8,7196.4,6781.2,8801.4,9678.6,13731.8,10385.4,9749.9,9448.3,8474.3,7957.9,8547.9,10009.4,9439.6,15457.8,11339.1,10886.8,10765.5,10022.3,9196.1,10997.4,9964.9,8544.8,7743.9,8754.2,9871.2,10053.6,11039.7,11379.4,11943.8,14286,13059,12607.3,11740.9,11626.1,10633.4,9137.2,8572,11293.8,11114.8,12041.6,13169.4,13782.1,13555.6,12280.4,15319.4,14985.2,19078.2,18224.1,18777.3,17327.4,16574.7,15861.6,14893.3,14389.9,15045,16317.1,18888.1,15782.5,15903.1
5766.9,6702.9,6867.1,7887.2,7295.2,6608.2,5753.5,6972.8,10768,14218,13120.3,13152.9,11445.1,11790.9,11429,10999.4,10947.8,7109,12415.3,11943.7,9120.4,6554.1,6767.7,6980,5471.2,6185.8,5417.1,4317.2,4584.5,5722.9,4959.4,5297.1,6446.7,4358.2,3960.9,0,2928.3,4242.1,3212.5,3778.8,3824.4,3932.1,3209.5,5537.1,6414.3,6549.1,7121,6485.6,6183.9,5210,4693.6,5283.5,6745.1,6175.2,7945.2,7353,6900.8,6779.5,6036.3,5210.1,5872.6,6718.3,5298.1,4497.2,5507.5,6624.5,6806.9,7793,8132.7,8697.2,11039.3,9812.3,9360.6,8494.3,8379.4,7386.8,5890.6,5325.4,8047.1,7868.1,8794.9,9922.7,10535.5,10309,9033.8,12072.7,11738.6,15831.5,14977.5,15530.6,14080.7,13328,12615,11646.6,11143.3,11798.3,13070.4,15641.4,12535.8,12656.4
6570.6,7506.6,7670.7,8690.8,8098.8,7411.8,6557.2,7776.4,11571.7,15021.7,13924,13956.5,12248.7,12594.5,12232.6,11803,11751.5,8949.7,9467.2,12747.4,10319.5,8869.2,7571.3,7783.7,7849.2,8500.9,7732.2,6849.9,7165.3,6526.6,5763.1,6100.7,7250.4,5161.8,4237.9,2928.3,0,5441.3,4411.7,4977.9,5023.6,5131.2,5742.3,6736.2,7613.4,7748.2,8320.2,7684.7,7383.1,6409.1,5892.7,6482.7,7944.2,7374.4,9144.4,8552.2,8099.9,7978.7,7235.4,6409.2,7071.8,7917.4,6497.3,5696.4,6706.7,7823.7,8006.1,8992.2,9331.9,9896.3,12238.5,11011.5,10559.8,9693.4,9578.6,8585.9,7089.7,6524.5,9246.3,9067.3,9994.1,11121.9,11734.6,11508.1,10232.9,13271.9,12937.7,17030.7,16176.6,16729.8,15279.9,14527.2,13814.1,12845.8,12342.4,12997.5,14269.6,16840.6,13735,13855.5
8800.6,9736.6,9900.8,10920.9,10328.9,11326.6,8802,10021.3,13801.7,17251.7,16154,16186.6,14478.7,14824.5,14462.7,14033.1,13981.5,10111.7,10154.8,14977.4,11007.2,9556.9,9699.7,10028.6,10094.1,9188.5,8419.8,8319.8,8560.6,8771.5,8008,8345.6,9495.3,7391.9,8207,4246.5,5445.7,0,5288.1,5543.9,5711.2,5818.8,7060.5,7423.8,8301,8435.9,9007.8,8372.4,8070.7,7096.7,6580.3,7170.3,9242.5,8062,9832,8861.2,8408.9,8287.7,7544.4,6718.2,7380.8,7506.9,6066.9,5266,6296.1,7413.1,7595.5,8581.6,8921.3,9485.8,11045.6,10600.9,10149.2,9282.9,9168,8175.4,6679.2,4988.9,8835.7,8656.7,9583.5,10711.3,11324.1,11097.6,9822.4,12861.3,12527.2,16620.1,15766.1,16319.2,14869.3,14116.6,13403.6,12435.2,11931.9,12586.9,13859,16430,13324.4,13445
8072.2,9008.3,9172.4,10192.5,9600.5,7693.3,7453.3,7268.8,9602.5,12734.9,11202.6,9757.6,9746.7,8395.6,8033.7,9301,7356.2,7039,7082,7555.4,7934.4,6484.1,6626.9,6288.8,6134.3,6115.7,5347.1,5247,5487.8,6738.5,7279.6,7037.2,8766.9,6663.5,7478.6,3242.3,4441.4,5050.8,0,1314,2638.4,2746.1,4603.4,4351.1,5228.2,5363.1,5935,5299.6,4997.9,4023.9,3507.5,4097.5,5987.2,4989.2,6759.2,5605.8,5153.5,5032.3,4289,3462.8,4125.4,3573.7,2726.9,2213.3,4425.8,5542.8,4536.1,5365.3,6025.2,5508.8,7790.2,6623.9,8278.9,6224.5,7297.7,6305,4808.8,4223.8,6965.4,6786.4,7713.2,8841,9453.7,9227.2,7952,9098.4,10656.8,14749.8,13895.7,14448.9,12999,12246.3,11533.2,10564.9,10061.5,10716.6,11988.7,14559.7,11454.1,11574.6
9007.6,8013.8,9622.9,9253.2,8462.1,6978,6737.9,6553.5,8887.2,12019.6,10487.3,10739.2,9031.4,9377.2,9015.3,8585.7,6640.9,6323.7,6756.7,7234.2,6571.2,5768.8,5911.6,5573.5,5419,5400.4,4631.8,4583,4772.5,6023.2,6720.8,6321.8,8613.1,7598.8,8413.9,3759.3,4958.5,5325.4,1314,0,1429.6,3108.6,3751.6,3488.7,4365.9,4918.2,4571.8,3936.4,3634.7,2809.6,2144.4,2734.4,4215.8,3626,5396,3834.5,3382.2,3260.9,2517.7,1691.5,2354.1,2254.2,1351,1551.5,3077,3737.3,3229.9,3594,4253.8,3737.4,6018.9,4852.6,5683.9,4854.1,5366.4,4373.7,4385.9,4252.7,7293.1,6222,7346.9,8474.7,7342.3,6472.6,6164.2,7327.1,8268.1,11444,11103,12035.1,10701.7,9857.5,9144.5,9032,8238.3,10350.3,11622.5,14193.5,11087.8,11208.4
8678.1,6693.5,8302.7,7933,7141.9,5657.8,5417.7,5233.3,7567,10699.3,9167.1,8236,7711.1,7208.3,6846.4,7265.5,5320.6,5003.4,5894.8,6372.3,5709.2,4448.5,4591.4,4253.3,4098.8,4080.2,3311.5,3211.4,3452.3,4703,5400.6,5001.6,7292.8,7269.3,8084.4,3848.1,5047.3,5656.6,2616.6,1429.6,0,1168.6,2409.7,2315.5,3192.7,3327.5,3709.8,3074.4,2772.8,1988.4,1282.4,1872.4,2634.2,2764.1,4534.1,3882.8,3430.5,3309.2,2566,1206.9,2402.4,2315.8,1399.3,2320.5,3125.3,3785.6,3278.2,3642.3,4302.2,3785.7,6067.2,4900.9,5732.2,4902.4,5414.7,4422.1,4434.2,5392,7341.4,6270.3,7395.3,8523,7390.6,6520.9,6212.5,7375.4,8316.4,11492.3,11151.3,12083.4,10750,9905.9,9192.8,9080.3,8286.6,10398.6,11670.8,14241.8,11136.2,11256.7
8014,6192,7801.2,7431.5,6640.4,5156.3,4916.2,4731.8,7065.5,10197.8,8665.6,7220.6,7209.6,5858.5,5496.7,6764,4819.1,4501.9,4545,5018.3,4635.6,3947,4089.9,3751.8,3597.3,3578.7,2810,2101.7,2950.8,4201.5,4899.1,4500.1,6791.4,7464.1,8208.2,3477.5,5171.1,5780.4,2740.4,3332.6,1168.6,0,1291.6,1814,2691.2,2826.1,3234.5,3426.3,1952.3,1486.9,1634.2,2224.2,3685.8,3115.9,4885.9,5322.3,4599.8,4748.8,4005.5,2699.9,3841.9,4370,2891.5,4223.5,4973.2,5785,4492.4,5444.7,6365.9,5225.2,7506.7,6340.4,7171.7,6345.8,6858.1,5865.5,6113.2,6591.2,9189.2,7713.8,8838.7,9966.4,8834,7964.3,7655.9,8814.9,10037.1,12931.8,12590.8,13522.9,12470.7,11626.5,10913.5,9945.1,9730,11842,13114.2,15685.2,12579.6,12700.1
7324.3,5562.7,7111.5,6741.8,5950.7,4526.9,4286.9,4102.5,4972.3,9508.1,6772.5,8227.7,5208.9,6865.7,6503.8,4417.2,4042.1,3724.9,4476.2,4827.5,4566.8,3170,3460.6,3106.2,2951.7,2801.6,2033,1395.9,2305.2,3572.1,3757.1,3870.8,5244.4,6232,6774.9,3209.5,5742.3,7056.1,4632.4,3975.6,2535.9,1291.6,0,1935.4,2751.1,3233,3844,4069.3,2595.4,2129.9,2277.3,2867.2,4328.8,3758.9,5528.9,7241,5242.9,6667.5,5924.3,3343,5760.6,6288.7,4810.3,4866.5,6892,7703.8,6411.2,7363.5,8284.6,7144,9425.4,8259.1,9090.5,8264.6,8776.8,7784.2,8032,8145.8,11108,9632.5,10757.4,11885.2,10752.7,9883.1,9574.6,10733.7,11955.8,14850.5,14509.6,15441.7,14389.4,13545.3,12832.2,11863.9,11648.7,13760.8,15032.9,17603.9,14498.3,14618.9
6849.3,5087.7,6636.5,6266.8,5475.7,4052,3811.9,3627.5,4628.8,9033.1,6510.3,5965.8,4865.4,4603.7,4241.9,4073.7,3698.6,3381.4,3290.2,3763.5,3380.8,2826.5,2985.6,2631.2,2476.7,2458.1,1689.5,1402.4,1830.2,3097.2,3794.7,3395.8,5687,6359.8,9819,5582.7,6781.8,7391.2,4351.1,3529.5,2667.6,1804.6,1909.5,0,1094.5,1571.3,1979.7,2080.1,1201.6,1154,1831.2,2421.2,3882.7,3312.9,3571.3,5519.3,3871.8,4945.7,4202.5,2896.9,4038.8,4567,3088.5,4420.5,5170.2,5982,4689.4,5641.7,6562.9,5422.2,7489.3,6537.3,7368.7,6542.8,7055.1,6062.4,6310.2,7492,9386.2,7910.7,9035.6,10163.4,9031,8161.3,7852.9,8797.5,10234.1,12800.3,12459.3,13391.5,12667.7,11823.5,11110.4,10142.1,9927,12039,13311.2,15882.2,12776.5,12897.1
8520.2,5615.9,8307.4,6795,6003.9,4580.2,4340.1,3865.6,4307.4,6727.5,5346.4,4801.9,3991.4,3439.9,3078,3616.8,2850.2,2497.8,2126.3,2599.7,2216.9,2686.6,3513.8,2702.2,2150.3,2318.3,1549.6,2234.6,2358.4,3625.4,4323,3924,6215.3,9608,10694.5,6458.2,7657.3,8266.7,5226.6,4405,3307.9,2680.1,2741.7,1094.5,0,671.9,1494.1,1336.7,1136.6,1897,2706.7,2746.5,2663.4,1763,3103.5,4820.9,3128.3,4358.2,4006.5,3772.4,4771.7,5442.5,3964,5296,6045.7,6857.5,5564.9,4771.7,5431.6,5176.7,7005.3,6442.1,7407,7057.4,7930.6,6937.9,7185.7,8367.5,10261.7,8786.2,9911.1,11038.9,9249.3,9036.8,8268.3,8313.6,9254.6,12316.4,11975.4,12907.5,11688.2,10844,10130.9,10018.4,10802.5,12914.5,14186.7,16757.7,13652,13772.6
8210.1,7583.1,7997.2,7630,6838.9,4900.5,4660.4,3555.4,3997.3,6417.3,5036.3,4491.7,3681.3,3129.7,2767.8,3306.7,2540,2187.7,1816.2,2289.5,1906.8,3129.4,3260.8,3103.7,2470.6,2761,1869.9,2554.9,2678.7,3945.7,4643.3,4244.4,6535.6,9297.8,13410.4,6567.2,7766.4,8375.7,5335.7,4514.1,3416.9,2789.2,3062,1451.6,829.1,0,746.8,1164.3,1245.6,2006,2815.8,2713.8,2390,1730.3,2338.3,4071.8,2854.9,3609,3733.2,3881.5,4498.3,5551.5,4073,5405,6154.7,6966.5,5674,4498.3,5158.2,4427.6,6256.2,5693,6657.8,6308.3,7190.1,7047,7294.8,8476.5,10370.7,8895.3,10020.2,9550.9,8500.2,8246.6,7519.1,7564.4,8505.4,11567.2,11226.2,12158.4,10939,10094.9,9381.8,9269.3,10171.6,10648.5,14295.7,16866.7,13761.1,11363
8826.8,8199.8,8614,8246.7,7455.6,5427.9,5187.8,4172.2,4614,7034,5653,5108.5,4298,3746.4,3384.5,3923.4,3156.7,2804.4,2432.9,2906.2,2523.5,3746.1,3877.5,3720.4,2998,3377.7,2397.3,3082.3,3206.1,4473.1,5170.7,4771.7,7063,9914.5,11007.5,6771.2,7970.3,8579.7,5539.6,4809.6,3620.9,2993.1,3636.1,1749.4,1356.5,610.5,0,899.8,1420.1,2210,2847.9,2449.3,2125.6,1465.8,2605.1,3765.9,2590.5,3303.1,3468.7,4177,4233.9,5952.9,4474.5,5700.5,6556.2,7368,5590.8,4233.9,4893.7,4121.7,5950.3,5387,6351.9,6002.4,6884.1,7448.4,7696.2,8772.1,10772.2,8509.8,10421.6,9244.9,8194.2,7940.7,7213.2,7258.5,8199.5,11261.3,10920.3,11852.4,10633.1,9788.9,9075.9,8963.3,9865.6,10342.6,14697.1,17268.1,14162.5,11057
9245.7,8618.7,9032.8,8665.6,7874.5,5846.8,5606.7,4591,5032.8,7452.9,6071.9,5527.3,4716.8,4165.3,3803.4,4342.2,3575.6,3223.3,2851.7,3325.1,2942.4,4165,4296.4,4139.3,3416.9,3796.6,2816.2,3501.2,3625,4892,5589.6,5190.6,7481.8,10333.4,10854.8,6618.5,7817.6,8427,5386.9,3993.3,3131.3,3412,4055,2168.3,1336.7,1029.4,683,0,793.1,1463.2,2031.5,1633,1332.1,649.5,2083.1,3307.4,1797,2599.2,2675.3,3360.7,3440.4,5136.6,3658.1,4884.2,5739.8,6551.7,4797.3,3440.4,4100.3,3663.2,5491.8,4928.6,5530.4,5027.3,5992.9,6632.1,6879.9,7955.7,9955.9,8480.4,9605.3,8353.7,7735.8,7334.6,6321.9,6800,7741,10739.3,10398.4,11330.5,10174.6,9330.5,8617.4,8504.9,9100.2,9451.3,13880.8,16451.8,13346.2,10598.6
8634.8,6812.8,8422,8052.3,7261.2,5777.1,5537,4892.9,5334.7,7754.8,6373.8,5829.2,5018.7,4467.2,4105.3,4644.1,3877.5,3525.2,3153.6,3627,3244.3,3158.7,4710.7,3671.5,2622.4,2790.3,2021.7,2442.7,2870.5,4822.3,5519.8,5120.9,7412.1,8084.9,10462.6,6226.3,7425.4,8034.8,4994.7,3601.1,2739.2,2010.6,2653.6,1155.9,1136.6,1331.3,1033.6,793.1,0,720.8,1639.4,1240.9,1673.8,1103.9,2873.9,4098.2,2587.8,3389.9,2682,2968.5,4231.2,4744.5,3266,4492.1,5347.7,6159.5,4866.9,4231.2,4891.1,4454,6282.6,5719.3,6321.1,5818.1,7232.6,6239.9,6487.7,7563.6,9563.7,8088.2,9213.1,10340.9,8526.6,8338.8,7112.7,7590.8,8531.8,11530.1,11189.2,12121.3,10965.4,10121.3,9408.2,9295.7,10104.5,12216.5,13488.7,16059.7,12954,13074.6
8100,6278.1,7887.2,7517.5,6726.4,5242.3,5002.2,4817.8,7151.5,10283.9,6970.9,6426.3,5615.9,5064.3,4702.4,5267.9,4474.6,4122.3,3750.8,4224.1,3841.4,4020.7,4175.9,3825.5,3671,3652.3,2883.7,2596.7,3024.4,4287.5,4985.1,4586.1,6877.4,7550.1,9490.2,5253.9,6453,7062.4,4022.3,3200.7,2103.6,1475.8,2118.8,1143.5,1897,2031.8,1703.7,1453.5,720.8,0,860.4,1255.1,2182,1612.2,3382.2,4606.5,3096.1,3898.2,3873.7,2568.1,3710.1,4238.2,2759.7,4091.7,4841.4,5653.2,4360.6,5312.9,6234.1,4962.3,6790.9,6227.6,6829.4,6214,6726.3,5733.7,5981.4,7163.2,9057.4,7581.9,8706.9,9834.6,8702.2,7832.5,7524.1,8099.1,9040.1,12038.4,11697.4,12629.6,11473.7,10629.5,9916.5,9813.3,9598.2,11710.2,12982.4,15553.4,12447.7,12568.3
8263.3,6441.4,8050.5,7680.8,6889.7,5405.6,5165.5,4981.1,7314.8,10447.2,7498.1,6953.6,6477.5,5925.9,5564,7013.3,5336.2,4983.9,4612.4,5089.9,4426.8,4196.4,4339.2,4001.1,3846.6,3828,3059.3,3010.5,3200.1,4450.8,5148.4,4749.4,7040.7,7713.4,8985.9,4749.6,5948.7,6558.1,3518,2124.4,1262.5,1639.1,2282.1,2019.3,2896.4,2773.8,2427.4,1792,1490.4,1034.9,0,590,2051.5,1481.7,3251.7,4476,2965.6,3767.7,2104.9,1491.8,1941.2,3267.8,1789.3,3015.3,3871,4682.8,3390.2,4342.5,5263.6,3324.6,6660.4,4439.7,5271.1,5243.6,5755.9,4763.2,5011,6086.9,8087,6611.5,7736.4,8864.2,7731.7,6862.1,6553.7,7968.6,8909.6,11907.9,11566.9,12499.1,11343.2,10499,9786,8842.9,8627.8,10739.8,12012,14583,11477.3,11597.9
8823.9,7001.9,8611.1,8241.4,7450.3,5966.2,5726.1,5541.7,7875.4,11007.7,7248.9,6704.4,6228.3,5676.8,5314.9,5853.7,5087,4734.7,4363.2,4840.7,4177.7,4756.9,4899.8,4561.7,4407.2,4388.6,3619.9,3571.1,3760.7,5011.4,5709,5310,7601.2,8274,9546.5,5310.2,6509.3,7118.7,4078.6,2685,1823,2199.7,2842.7,2579.8,2656.7,2524.6,2178.3,1542.9,1241.2,1255.1,723.3,0,942.1,1232.5,3002.5,3186.4,1459,2507.1,1495.3,1478.5,1898.8,3828.3,2349.9,3575.9,4431.6,5243.4,3950.8,3138.8,3798.6,3282.2,5370.8,4397.3,5228.7,5804.2,6316.4,5323.8,5571.6,6647.5,8647.6,7172.1,8297,9424.8,7614.8,7422.7,7114.2,6679,7620,10795.9,10454.9,11387,10053.6,9209.5,8496.4,8383.9,9188.3,11300.4,12572.5,15143.5,12037.9,12158.5
11890.7,11263.7,11677.9,9703.9,8912.8,7428.7,7188.7,5784.7,6226.5,10316.7,7945.5,7401,5910.5,5359,4997.1,5535.9,4769.3,4416.9,4045.4,4518.8,4408.7,5358.6,5490.1,5333,4610.6,4990.3,4009.9,5033.7,5223.2,6473.9,7171.5,6772.6,9063.8,12978.5,11009,6772.7,7971.9,8581.2,5541.2,4114.2,2730.6,3662.2,4305.2,3362,2969.1,2223.1,1876.7,1416.8,1676.4,2181.9,2185.8,942.1,0,973.5,2357,2259.8,812.7,1614.8,1690.9,2100.1,2456.1,3865.7,3333.3,4483.5,4703.5,5363.7,3813,2456.1,3115.9,2615.7,4444.3,3881,4546,4042.9,5008.5,5990.9,6130.7,7555,8919.5,6634.2,7980.1,7369.3,6688.2,6434.7,5337.6,5752.5,6693.5,9869.3,9528.4,10460.5,9127.1,8282.9,7569.9,7457.3,8115.9,8467,14035.1,13564.9,10096.3,9551
9707.3,7885.3,9494.5,9124.8,8333.7,6849.6,6609.5,5152.2,5594,8930.9,6314.8,5770.3,5278,4726.5,4364.6,4903.4,4136.7,3784.4,3412.9,3886.3,3243.6,4726.1,5783.2,4700.5,3978,4357.8,3377.4,4454.5,4644.1,5894.8,6592.4,6193.4,8484.7,9157.4,10429.9,6193.6,7392.7,8002.1,4962,3568.4,2706.5,3083.1,3726.1,2729.5,1759.3,1590.5,1244.2,784.2,1097.2,1602.8,1606.7,1208.1,973.5,0,1724.5,2885.3,1438.4,2240.6,2316.7,2935.8,3081.8,4711.8,3233.3,4459.3,5315,6126.8,4834.2,3081.8,3741.7,3241.1,5069.7,4506.5,5171.8,4668.7,5634.3,6207.2,6455,7530.9,9531,8055.5,9180.4,7995.1,7313.7,6976,5963.3,6378,7318.9,10380.7,10039.8,10971.9,9752.5,8908.4,8195.3,8082.8,8741.6,9092.7,13456,16026.9,12921.3,10176.5
10116.7,9489.8,9903.9,9536.7,8745.6,7186.2,8436.7,5288.8,5730.7,8542.7,5926.7,5382.1,5359.3,4759.1,4397.2,4915,4273.4,3896,3103.5,3518.5,2855.4,4862.4,4993.8,4836.7,5252.9,4494,4241.3,4926.2,6471.3,7722,8419.6,8020.6,10311.9,11204.5,12257.1,8020.8,9219.9,9829.3,6789.2,5395.6,4533.7,4910.3,5553.3,3560.4,3200.4,2338.2,2643.7,2183.8,2924.4,3430,3433.9,3035.3,2373.1,1740.5,0,3462.2,2838.2,3359.4,3716.5,4763,4481.6,5891.2,5060.5,6286.5,7142.2,7954,5838.5,4481.6,5141.5,4178,5264.3,5840.6,6805.5,6456,7337.7,8034.4,8282.2,9358.1,11358.2,8963.4,11007.6,9698.5,8647.8,8394.3,7666.8,7758.9,10547.8,10585.9,10244.9,11177.1,11389.6,9601.2,9171.7,9416.9,10319.2,10796.2,15283.2,17112,13566.6,13021.3
12023,11396,11810.1,11442.9,10651.8,9044,8803.9,7528.1,8194.2,10448.9,8077.8,7533.3,7486,6747.5,6576.3,7130.5,6512.6,6158.1,5365.6,5757.7,4541,7124.5,7828.8,7098.8,7485,6756.1,6697.7,6648.9,6838.4,8089.1,8786.7,8387.8,10679,13110.7,11955.6,7331.1,8530.2,8867.1,5603.2,3831.9,3880.2,5273.4,5916.4,5294,4928.5,4071.8,3788.8,3328.8,4098.2,4603.7,4607.6,3226.3,2259.8,2885.3,4463.8,0,1962,1176.7,2028.3,2906.6,2173.8,3505.5,3051,4722.8,4343.2,4821.1,3247.9,2095.9,2470.5,1304.8,2464,2570.2,3535,3061.5,3943.3,5009.5,5149.3,7794.4,8559.2,5569,6914.9,6304.1,5377.4,5123.8,4272.4,4028.9,5382.6,7946.1,7605.1,8537.2,7816.2,5871.3,5441.8,6146.5,7048.8,7401.8,12270.2,12254.1,8785.4,8240.2
12223,11596,12010.2,10866.9,10075.8,8591.7,8351.6,6249.6,6691.4,10649,8277.9,7733.3,6375.4,5823.9,5462,6000.9,5234.2,4881.9,4510.4,4983.7,4741,5823.6,7525.3,5797.9,5075.5,5455.2,4474.8,6196.6,6386.2,7636.9,8334.5,7935.5,10226.8,10688.3,11503.4,6878.8,8078,8414.9,5151,3379.6,3428,4522.5,5165.5,3826.9,3434,2688,2341.6,1881.7,2536.6,3042.2,3046.1,1744.9,911.7,1438.4,2822.2,1962,0,880.2,956.4,2454.3,1721.5,3131.1,2598.7,4270.6,3968.9,4629.1,3078.4,1721.5,2381.4,1865,4146.4,2980.1,3811.4,3308.4,4273.9,5256.3,5396.1,7342.1,8184.9,5899.6,7245.5,6634.8,6390.4,5615.6,4603,5454.6,6395.6,9571.5,9230.5,10162.7,8829.2,7536.8,7272,7159.5,7381.3,7732.4,12673.6,12701.7,9156.3,8629.1
11328.2,9506.2,11115.3,10745.6,9954.6,8470.4,8230.4,6809.5,7251.3,11170.2,8799,8254.5,6935.3,6383.8,6021.9,6560.7,5794.1,5441.8,5070.2,5543.6,5262.2,6383.5,7404.1,6357.8,6911.5,6015.1,6124.2,6075.4,6264.9,7515.6,8213.2,7814.3,10105.5,10567,11382.1,6757.5,7956.7,8293.6,5029.7,3258.4,3306.7,4699.9,5342.9,4629,4465.7,3609,3143.7,2683.8,3635.4,4141,4144.8,2547,1713.9,2422.5,3343.4,1200.2,880.2,0,1454.8,2333.1,1600.2,3009.8,2477.5,4149.3,3847.6,4507.9,2957.1,1600.2,2260.1,1532.5,3361.1,2797.9,3690.2,3187.1,4152.7,5135.1,5274.8,7220.8,8063.6,5778.4,7124.2,6513.5,5605.1,5351.5,4481.7,4669.4,5610.3,8786.2,8445.2,9377.4,8043.9,7199.8,6486.7,6374.2,7276.5,7611.1,12552.3,12481.8,9013.2,8467.9
10488.2,8666.2,10275.3,9905.6,9114.6,7630.4,7390.4,7205.9,9539.6,12672,9156.1,8611.6,7253.7,6702.1,6340.3,6879.1,6112.4,5760.1,5388.6,5861.9,5619.3,6421.2,6564.1,6226,6071.5,6052.8,5284.2,5235.4,5424.9,6675.6,7373.2,6974.3,9265.5,9727,10542.1,5917.5,7116.7,7453.6,4189.7,2418.4,2466.7,3242.4,3885.5,3622.6,4312.2,3566.2,3219.9,2759.9,2467.9,2363.7,1618.2,1124.8,1382.4,2316.7,3700.5,2028.3,956.4,1454.8,0,976.9,1045.6,2237.4,1637.5,3309.3,4035.2,4695.4,3144.7,1787.8,2447.7,1931.3,4212.7,3046.4,3877.7,3374.7,4340.3,4834.2,5082,6380.8,8251.2,5965.9,7807.4,6701.1,6456.7,5681.9,4669.3,5521,6461.9,9637.8,9296.8,10229,8895.5,8051.4,7338.3,7225.8,7447.6,7798.7,12083,14654,9222.6,9319.5
9100.2,7278.2,8887.4,8517.7,7726.6,6242.5,6002.4,5818,8151.7,11284,9751.8,8465.3,8295.8,7437.7,7075.8,7850.1,5905.3,5588.1,6124.1,6601.6,5938.6,5033.2,5176.1,4838,4683.5,4664.8,3896.2,3847.4,4036.9,5287.7,5985.2,5586.3,7877.5,9000.1,9815.2,5947.3,7146.4,6726.7,3462.8,1691.5,1260.3,2476,3119,2856.1,3733.3,4285.6,3939.2,3303.8,3002.1,2177,1511.7,1579.6,2003.7,2993.4,4416.9,2906.6,2454.3,2333.1,1589.8,0,1426.2,2577.7,1661.2,2582.4,3387.2,4047.5,3540.1,2666.1,3326,2809.5,5091,3924.7,4756,4252.9,5218.5,4683.9,4696.1,5653.9,7603.3,6532.2,7657.2,7579.3,7335,6560.2,5547.6,6399.2,7340.2,10516.1,10175.1,11107.2,9773.8,8929.7,8216.6,8104.1,8325.9,10660.5,11932.7,14503.7,11398,11518.6
10421.3,8599.3,10208.4,9838.8,9047.7,7563.5,7323.5,7139.1,9472.7,12605.1,9921.2,9376.7,8018.8,7467.3,7105.4,9171.2,6877.6,6525.3,6153.7,6627.1,6384.4,6354.3,6497.2,6159.1,6004.6,5985.9,5217.3,5168.5,5358,6608.7,7306.3,6907.4,9198.6,9660.1,10475.2,5850.6,7049.8,7386.7,4122.8,2351.5,2399.8,3793,4436,4173.1,5077.4,4331.4,3985,3525.1,4180,2812.9,2067.4,2000,2555.1,3081.8,4465.6,2173.8,1721.5,1600.2,1045.6,1426.2,0,1453.5,1228.6,2352.1,2639.7,3300,1749.2,850.6,1637.2,1754.8,4097,2869.9,3701.3,2057.6,4163.8,3960.6,4208.4,6313.9,6855.7,5808.9,6933.8,6524.6,6340.9,5505.5,4492.8,5405.2,6346.2,9522.1,9181.1,10113.2,8779.8,7426.7,7222.6,7110.1,7271.2,9937.2,11209.3,13780.3,10674.7,10795.3
10969.8,9147.9,10757,10387.3,9596.2,8112.1,7872.1,7687.6,10021.3,13153.7,11621.4,11039.4,10165.5,10511.3,10149.4,9719.8,7775,7457.8,7563.3,8036.7,8047.1,6902.9,7045.7,6707.6,6553.1,6534.5,5765.9,5717.1,5906.6,7157.3,7854.9,7456,9747.2,10403.2,11218.3,7350.4,8549.5,6922.3,3573.7,2251.6,2315.8,4341.6,4984.6,4721.7,5598.9,5741,5394.6,4934.7,4978.4,4394.6,3488,3134.5,3964.7,4491.4,5875.2,3506.1,3131.1,3009.8,2334.2,2577.7,1453.5,0,838.2,1385.5,1607.2,2267.4,952.5,1844.2,2183.9,2748.3,5090.5,3863.5,4694.8,2553.6,3768.9,2776.3,2916,5426.8,5823.2,4624.6,6277.4,5894.3,5744.8,4875.1,4566.7,6398.7,7339.7,10515.6,10174.6,11106.8,9773.3,8420.2,8216.1,6855.9,6640.8,9280.7,10552.9,13123.9,10018.3,10138.8
9418.2,7596.2,9205.4,8835.7,8044.6,6560.5,6320.4,6136,8469.7,11602,10069.8,10321.6,8613.8,8959.6,8597.7,8168.1,6223.3,5906.1,6548.7,7008.7,7588.7,5351.2,5494.1,5156,5001.5,4982.8,4214.2,4165.4,4354.9,5605.7,6303.2,5904.3,8195.5,8348.8,9163.9,5296,6495.1,6075.4,2726.9,1348.4,1396.7,2789.9,3432.9,3170.1,4047.3,4182.1,4363.8,3728.3,3426.7,2843,1936.3,2526.3,3429.1,3418,5339.6,3047.7,2595.5,2474.2,1731,1658.6,1228.6,838.2,0,1587.6,2303.8,3115.6,1823.1,2454.1,3696.5,2950.7,5232.1,4065.8,4897.2,3676.5,4188.7,3196.1,3443.9,5002.7,6519.8,5044.4,6169.3,7297.1,6164.6,5294.9,4986.5,6540.4,7481.4,10657.2,10316.3,11248.4,9915,9070.8,8357.7,7275.7,7060.6,9172.7,10444.8,13015.8,9910.2,10030.8
8956.6,8904.7,10056.8,10144.1,9353.1,7868.9,7628.9,7444.4,9778.1,12910.5,11378.2,11630.1,9922.3,10268.1,9906.2,9476.6,7531.8,7214.6,7647.7,8125.2,7462.1,6659.7,6802.6,6464.4,6310,6291.3,5522.7,5473.9,5663.4,6914.1,7611.7,7212.8,9504,7547.9,8363,4495,5694.2,5274.5,2213.3,1551.5,2320.5,3999.5,4642.5,4379.7,5256.8,5809.1,5462.7,4827.3,4525.7,3700.5,3035.3,3625.3,5106.7,4517,6287,4725.4,4273.1,4151.9,3408.6,2582.4,2352.1,1385.5,1606.7,0,1100.7,2137,2347.8,3333.9,4055.2,4238.1,6580.3,5353.2,5481.3,4035.2,4356.7,3364,3343,4201.7,5499.5,5212.3,6999.6,6482,6332.6,5462.9,5154.5,7888.5,7535.7,11628.6,11664.4,12596.5,9969.3,9125.1,8412,7443.7,7228.6,10003,11275.2,13846.1,10740.5,10861.1
10395.3,9551.6,11160.8,10791.1,10000,8515.9,8275.8,8091.4,10425.1,13557.4,12025.2,12277.1,10569.2,10915,10553.1,10123.6,8178.7,7861.5,8504.1,8964.2,8873.6,7306.6,7449.5,7111.4,6956.9,6938.3,6169.6,6120.8,6310.4,7561.1,8258.7,7859.7,10150.9,8986.5,9801.6,5933.7,7132.8,6684.3,3793.5,3053.7,3102,4745.3,5388.4,5125.5,6002.7,6137.5,6319.2,5683.8,5382.1,4798.4,3891.7,4481.7,4791.3,5373.4,6701.8,4332.6,3957.7,3836.4,4024,3363.9,2628.5,1596,2320.8,1100.7,0,1262.7,1684.6,2670.7,3010.4,3574.9,5917.1,4690,4818.1,3372,3693.5,2700.8,2250,4010.1,4406.5,4549.1,5210.1,6337.8,5669.4,4799.7,4491.3,7225.3,6872.5,11342.2,11001.2,11933.3,9306.1,8461.9,7748.8,6780.5,6565.4,8213.4,9485.6,12056.6,8951,9071.5
11467.4,10489.2,12098.3,11728.6,10937.5,9453.4,9213.3,9028.9,11362.6,14495,12962.7,13214.6,11506.7,11852.6,11490.7,11061.1,9116.3,8799,9441.6,9901.7,9313.9,8244.2,8387,8048.9,7894.4,7875.8,7107.1,7058.3,7247.9,8498.6,9196.2,8797.2,11088.5,10058.7,10873.8,7005.8,8205,7756.4,5043.5,3737.3,3785.6,5682.9,6325.9,6063,6940.2,7075,7256.7,6621.3,6319.6,5735.9,4829.3,5419.2,5474.9,6310.9,7825.3,4968.1,4641.3,4520,4707.6,4047.5,3312.1,2279.6,3258.3,2137,1262.7,0,1540.5,2843.5,2710.4,4293.9,4944.7,3825.2,4053.9,2690.4,2929.2,1936.6,1227.1,4639.3,5035.8,3784.9,4921.8,5054.6,4905.1,4035.5,3727,5388,6108.2,10201.2,10085.8,11017.9,8541.8,7697.7,6984.6,6016.3,5801.1,7925.1,9197.3,11768.3,8662.7,8783.2
11889.5,9270.3,10879.5,10509.8,9718.7,8234.6,7994.5,7810.1,10143.8,13276.1,11743.9,10781.4,10287.9,10633.7,10271.8,9842.3,7897.4,7580.2,7589.9,8063.2,7789.1,7025.3,7168.2,6830.1,6675.6,6657,5888.3,5839.5,6029.1,7279.8,7977.3,7578.4,9869.6,10480.7,11295.8,7427.9,8627,8178.4,4536.1,3229.9,3278.2,4464,5107.1,4844.2,5721.4,5767.5,5421.1,4961.2,5100.8,4517.1,3610.4,4200.4,3991.2,4517.9,5901.7,3248.1,3157.6,3036.3,3223.9,3540.1,1749.2,952.5,1716,2347.8,1684.7,1540.5,0,1303,1331,2211.7,3949.7,2830.2,3661.5,1695.4,1822.1,2049.3,2189.1,5504.3,5900.7,3897.6,5034.5,5167.3,5017.8,4148.2,3839.8,5257.9,6198.9,9431.7,9090.8,10022.9,8632.5,7356.9,7075.3,6129,5913.9,8037.9,9310,11881,8775.4,8896
12044.6,10222.6,11831.8,11462.1,10671,9186.9,8946.8,8762.4,11096.1,14228.4,10174.3,9629.8,8018.8,7467.3,7105.4,9227,6877.6,6525.2,6153.7,6627.1,6637.5,7977.6,8120.5,7782.4,7627.9,7609.2,6840.6,6791.8,6981.3,8232.1,8929.6,8530.7,10821.9,11478,12293.1,8425.1,9624.3,9175.7,5362.7,3591.4,3639.7,5416.3,6059.3,5796.5,5077.4,4331.4,3985,3525.1,4180,4685.6,4562.7,3239.9,2555.1,3081.8,4465.6,2096.5,1721.5,1600.2,1787.8,2666.1,850.6,1844.2,2454.1,3345,2681.9,3342.2,1303,0,821.4,1338.7,3144.5,2025,2856.3,1393.6,3318.8,3851,3386.8,6501.5,6897.9,4944.5,6290.4,5679.6,5388.5,4660.5,3647.9,4452.7,5393.7,8609.4,8268.5,9200.6,7827.3,6551.7,6270.1,6157.6,6426.2,6777.3,11111.7,13682.7,8201.2,7674
12962.3,11140.4,12749.5,12379.8,11588.7,10104.6,9864.5,9680.1,12013.8,12910.8,10539.6,9995.1,9947.9,9209.3,7765.3,9592.3,7537.4,7185.1,6813.6,8219.5,7002.8,8895.4,9038.2,8700.1,8545.6,8527,7758.3,7709.5,7899.1,9149.8,9847.4,9448.4,11739.7,11817.7,12632.8,8764.8,9964,9515.4,6022.6,4251.3,4299.6,6334.1,6977.1,6714.2,5737.2,4991.2,4644.9,4184.9,4839.9,5345.4,5480.5,3899.8,3215,3741.7,5125.5,2470.7,2381.4,2260.1,2447.7,3326,2314.6,2183.9,3470.4,4055.2,3021.7,2627.8,1331,821.4,0,1435.4,3008.7,1889.1,2720.5,868.3,2147.6,2816.2,2956,6368.2,6764.7,4664.5,5801.4,5543.8,5252.6,4524.7,3512,4316.9,5257.9,8490.7,8149.8,9081.9,7691.5,6415.9,6134.3,6021.8,6290.4,6641.5,10076.9,12647.9,9542.3,7538.2
11804.6,9982.7,11591.8,11222.1,10431,8946.9,8706.8,7628.3,8070.2,11754,9382.8,8838.3,7754.2,7202.6,6840.7,8435.6,6612.9,6260.6,5889.1,6362.4,5846,7202.3,7880.5,7176.6,7387.9,6833.9,6600.7,6551.9,6741.4,7992.1,8689.7,8290.8,10582,12382.1,13197.2,9329.3,10528.4,8770.1,5506.2,3734.9,3783.2,5176.4,5819.4,5650,5284.5,4427.8,4144.8,3684.9,4454.2,4959.8,3450.8,3383.4,2615.9,3241.4,4162.2,1305,1865,1532.8,1931.3,2809.5,1798.2,2748.3,2954,4249.2,3586.1,4246.4,2211.7,1338.7,1435.4,0,2459.4,1896.2,2861,2511.5,3393.3,4459.5,4599.2,7405.7,7802.1,5018.9,6364.8,5754.1,4703.4,4449.8,3722.3,3767.6,4708.6,7884.5,7543.5,8475.6,7142.2,6298.1,5585,5472.5,6374.8,6851.7,11720.1,11580.1,8111.4,7566.2
13830.3,13203.3,13617.5,13250.3,12459.2,11489.9,10942.3,9335.4,10001.6,12256.3,9885.2,9340.6,9293.4,8554.9,8383.7,8937.9,8320,7965.4,7173,7565.1,6348.3,8931.8,9636.2,8906.2,9322.4,8563.5,8836.1,8787.3,8976.9,10227.6,10925.2,10526.2,12817.4,14918.1,14094.1,9469.5,10668.6,11005.6,7741.7,5970.3,6018.6,7411.8,8054.9,7383,7017.5,6160.8,5877.8,5417.9,6187.2,6692.7,6696.6,5315.3,4348.9,4974.3,5040,2457.4,4100.4,3265.7,4166.7,5045,4094.2,5044.3,5189.4,6282.9,5882.1,4855.4,3943.1,3137.8,2745.2,2413.2,0,1315.7,2280.5,3095.9,3977.7,5043.9,5183.7,8595.9,8992.3,5603.4,6949.2,4989,4000.8,3747.2,3464.7,2270.1,3232.9,6104.3,5739.8,5794.8,5142,4112.4,3683,4769.9,5672.2,7436.1,9321.9,10864.4,7318.9,6773.7
14397.6,13770.6,14184.8,13817.5,13026.5,10062,9822,8893.2,10568.9,12823.6,10452.4,9907.9,9860.7,9122.1,8951,9505.2,7877.7,7525.4,7740.2,8132.3,6915.6,8467.1,8995.7,8441.4,8503.1,8098.7,7715.8,7667,7856.5,9107.2,9804.8,9405.9,11697.1,13497.3,14312.4,8349.1,9548.3,9885.2,6621.3,4850,4898.3,6291.5,6934.5,6914.8,6549.4,5692.6,5409.6,4949.7,5719,6224.6,4565.9,4847.1,3880.7,4506.2,5427,2569.8,2980.1,2797.6,3046.4,3924.7,2913.3,3863.5,4069.1,5364.4,4701.2,3742.5,2830.2,2025,1713.5,1895.6,1315.7,0,1048.5,1134.8,1698.7,3366,4070.8,7483,8647.5,3324.4,4670.3,4059.5,3292.9,3040.4,1822.3,2357.2,3298.1,7391.1,6628.5,7181.6,5731.7,4887.6,4174.5,4062,4806.1,5157.2,7903.3,10169.6,6701,6155.7
13967.7,12678.6,14287.7,13918,13126.9,11642.8,11402.7,9858,11533.8,13788.5,11417.3,10872.8,10825.6,10087,9915.8,10470,8842.6,8490.3,8705.1,9097.2,7880.5,10433.6,10576.4,10238.3,10083.8,10065.2,9296.6,9247.8,9437.3,10688,11385.6,10986.6,13277.9,12558.9,13374,9506.1,10705.2,10256.7,7452.7,5681.3,5729.7,7872.3,8515.3,8252.4,7167.3,6657.5,6074.9,5615,6270,6775.5,5397.2,5329.8,4645.1,5171.8,6391.9,3534.7,3811.4,3762.4,3877.7,4756,3744.7,4694.8,4900.4,5508.2,4845.1,4080.8,3661.5,2856.3,2544.8,2860.5,2280.5,1048.5,0,1261.1,1110.5,2553,3261.5,7522.9,7834.6,2511.4,3857.3,3246.5,2985.7,2227.4,1081.1,2050,2991,7083.9,6321.3,6874.5,5424.6,4580.4,3867.3,3754.8,3993.1,4344.2,7090.3,9313.5,5768.1,5240.9
12926.2,11104.3,12713.4,12343.7,11552.6,10068.5,9828.4,9644,11977.7,15110.1,10992.5,10448,10400.8,9662.2,9491,10045.2,8417.8,8065.5,8280.3,8672.4,7455.7,8859.3,9002.1,8664,8509.5,8490.9,7722.3,7673.5,7863,9113.7,9811.3,9412.3,11703.6,11454.4,12269.5,8401.6,9600.7,9152.1,6254.3,4870.9,4904.5,6298,6941,6678.1,6629.1,5883.1,5536.8,5076.8,5731.8,6351,5444.4,4791.6,4106.9,4633.6,5967.1,3109.9,3273.2,3152,3339.5,4217.8,2041.6,2537.6,3873.4,4019.2,3356,2591.7,1679.3,1377.5,852.2,2435.7,3086.5,1135.6,1261.9,0,1229.5,2780.2,2919.9,6332.1,6728.6,3350.1,4696,4085.2,3935.7,3066.1,2053.4,3314.7,4255.7,8568.5,8227.6,9159.7,6689.3,5845.1,5132,5046.9,4831.8,5182.8,10040.8,10152.2,6606.7,6079.5
13029.3,11560.3,13169.5,12799.8,12008.7,10524.6,10284.5,10100.1,12433.8,15566.1,11942,11397.4,12577.9,10611.6,10440.5,12132.3,9367.2,9014.9,9229.8,9621.9,8405.1,9315.3,9458.2,9120.1,8965.6,8947,8178.3,8129.5,8319.1,9569.8,10267.4,9868.4,12159.6,11620.6,12435.7,8567.7,9766.9,9318.3,6710.3,5327,5360.6,6754,7397.1,7134.2,8011.4,6883.8,6537.5,6077.5,7390.8,6807.1,5900.4,6490.4,5107.6,5634.3,6916.5,3943.3,4273.9,4152.7,4340.3,5218.5,4207.2,3814.3,4329.5,4390,3726.8,2962.5,1828,3318.8,2153.4,3385.1,3984.3,1698.7,1110.5,1210.8,0,1434.8,2143.3,5817.4,6213.8,2123.7,3817.9,3207.2,3057.7,2188,1175.4,3068.7,4009.6,8353.7,7340,7893.1,6443.2,5599.1,4886,4168.8,3953.7,4304.8,7050.9,9274.2,5728.7,5201.5
12030.3,10561.3,12170.4,11800.8,11009.7,9525.6,9285.5,9101.1,11434.7,14567.1,13034.8,13286.7,11578.9,11924.7,11562.8,11133.2,9188.4,8871.2,9513.8,9973.8,9446.6,8316.3,8459.2,8121.1,7966.6,7947.9,7179.3,7130.5,7320,8570.7,9268.3,8869.4,11160.6,10621.6,11436.7,7568.7,8767.9,8319.3,5711.3,4328,4361.6,5755,6398,6135.2,7012.3,7147.2,7328.8,6693.4,6391.8,5808,4901.4,5491.4,6097.8,6383.1,8153.1,5100.8,5264.2,5142.9,5079.7,4623.5,4075.9,2815.3,3330.4,3390.9,2727.8,1963.5,2076.2,3379.2,2843.1,4426.6,5077.4,3366,2553,2823.1,1428.4,0,1144.2,4818.4,5214.8,2284.1,4164.5,3553.8,3404.3,2534.6,2226.2,3887.2,4607.4,8700.3,7937.7,8490.9,7041,6196.8,5483.8,4515.4,4300.3,4651.4,9166.5,11737.4,6075.3,5548.1
10383.1,11319.2,11483.3,11969.8,11178.7,9694.6,9454.5,9270.1,11603.7,14736.1,13203.8,13455.7,11747.9,12093.7,11731.8,11302.2,9357.4,9040.2,9682.8,10142.8,9555.1,8485.3,8628.2,8290.1,8135.6,8116.9,7348.3,7299.5,7489,8739.7,9437.3,9038.4,11077.8,8974.4,9789.5,5921.6,7120.7,6672.1,4967.3,4497,4429.8,5924,6567,6304.2,7181.3,7316.2,7497.9,6862.4,6560.8,5977,5070.4,5660.4,6206.2,6552.1,8066.4,5209.3,5372.6,5251.3,5248.7,4691.7,4244.9,2923.7,3499.5,3354,2479.7,1173.8,2184.7,3382.4,2951.6,4535,5185.8,4066.3,3259.3,2931.5,2134.7,1142.1,0,3852.1,4248.6,2990.4,4313.1,5440.9,4110.6,3240.9,2932.5,4593.5,5313.7,9406.6,8644,9197.2,7747.3,6903.1,6190.1,5221.7,5006.6,7316.5,8588.6,11159.6,8054,8174.6
9682.7,10618.8,10782.9,11803,11211,12208.8,9684.2,10532.9,12866.6,15999,14466.7,17068.7,15360.9,15706.7,15344.8,14915.2,10620.3,10303.1,10736.2,11213.7,10550.6,9748.2,9891.1,9552.9,9398.5,9379.8,8611.2,8562.4,8751.9,9653.6,8890.1,9227.8,10377.4,8274,9089.1,5221.2,6420.3,4959.2,4240.8,4496.6,5409,7088,7731,7468.2,8345.3,8897.6,8551.2,7915.8,7614.2,6789,6123.8,6713.8,8195.2,7605.5,9375.5,7813.9,7361.6,7240.4,6497.1,5670.9,6443.7,5411.2,5019.6,4218.7,4200.4,4600.2,5499.8,6485.9,6377.9,7390.1,8612.2,7492.7,7392,6357.9,6410.8,5418.2,3866.3,0,4406.4,5899.6,6826.4,7954.1,8566.9,8340.4,7065.2,10104.1,9770,13862.9,13008.9,13562.1,12112.1,11359.5,10646.4,9678.1,9174.7,9829.7,11101.9,13672.9,10567.2,10687.8
12387.2,13323.3,13487.4,14507.5,13915.5,12757.2,12517.1,12332.7,14666.4,17798.8,16266.5,16518.4,14810.5,15156.4,14794.5,14364.9,12420.1,12102.8,12745.4,13205.5,13115,11548,11690.8,11352.7,11198.2,11179.6,10410.9,10362.1,10551.7,11802.4,11594.6,12101,13081.9,10978.5,11793.6,7925.6,9124.8,8676.2,6971.4,7295,7343.3,8986.7,9629.7,9366.8,10244,10378.8,10560.5,9925.1,9623.4,9039.7,8133.1,8723,9032.6,9614.7,10943.1,8574,8199,8077.7,8265.3,7605.2,6869.8,5837.3,6562.1,5500.8,4626.5,5026.3,5925.9,6912,6804.1,7816.2,9038.3,8644.2,7831.2,6784,7859.7,6867.1,4292.4,4405.5,0,5895.1,4160.9,6249.7,6862.5,6636,7004.3,8399.8,8065.6,12158.6,9634.6,10187.8,8737.8,8962.5,8942,7973.7,7470.3,6455.4,5409,8594.2,7193,7313.5
12476.8,12379,13988.1,13618.4,12827.3,11343.2,11103.1,10918.7,13252.4,16384.8,13567.6,13023.1,13396.6,13742.4,13380.5,12950.9,11006.1,10688.9,10855.4,11247.5,10030.8,10134,10276.8,9938.7,9784.2,9765.6,8997,8948.2,9137.7,10388.4,11086,10687.1,12978.3,11068.1,11883.2,8015.2,9214.4,8765.8,7060.9,6145.6,6179.2,7572.7,8215.7,7952.8,8830,8509.5,8163.1,7703.2,8209.4,7625.7,6719.1,7309.1,6733.2,7259.9,8542.2,5569,5899.6,5778.3,5965.9,6441.1,5893.5,4633,5148.1,5208.6,4545.5,3781.2,3893.9,4944.5,4660.8,5010.8,5610,3324.4,2511.4,3349.3,2093,2253.4,2961.9,6032,5903.8,0,1926.6,2132.9,2448,1411.8,1911.8,3020,3651.1,7744.1,6981.5,7534.7,6084.7,5240.6,4527.5,3392.6,3353.5,3230.6,5976.7,8199.9,4654.5,4405.2
13268.8,14204.8,14369,14842.6,14051.5,12567.4,12327.3,12142.9,14476.6,17608.9,16076.7,16328.6,14620.7,14966.5,14604.7,14175.1,12230.2,11913,12555.6,12598.8,11382.1,11358.1,11501,11162.9,11008.4,10989.8,10221.1,10172.3,10361.9,11612.6,12310.2,11911.2,13963.5,11860.1,12675.2,8807.2,10006.4,9557.8,7852.9,7369.8,7403.4,8796.9,9439.9,9177,10054.2,10189,10370.7,9735.3,9433.6,8849.9,7943.2,8533.2,8084.5,9424.9,9893.4,6920.2,7250.9,7129.6,7317.2,7665.3,7117.7,6461.3,6372.3,6989.7,5594.4,4987.1,5099.8,6295.7,5866.7,6362,6243.6,4675.6,3862.7,4700.6,3833.9,3830.1,4536.2,6824,4169.6,1926.6,0,2281.2,2894,2667.5,3035.8,4431.2,4097.1,8190,7427.4,7980.6,6530.7,5686.5,4973.5,4005.1,3501.8,2163.8,5200.3,7771.3,4665.7,4553.5
14396.6,13417.4,15496.8,14656.9,13865.8,12381.7,12141.6,11957.2,14290.9,17423.2,14248.5,13704,14435,12918.2,12747,13989.4,11673.8,11321.5,11536.3,11928.4,10711.7,11172.4,11315.3,10977.2,10822.7,10804.1,10035.4,9986.6,10176.2,11426.9,12124.5,11725.5,14016.7,12987.8,13803,9935,11134.2,10685.6,8980.7,7184.1,7217.7,8611.1,9254.2,8991.3,9868.5,8982.8,8636.4,8176.5,9247.9,8664.2,7757.5,8347.5,7206.5,7733.3,9223.1,6365.9,6372.9,6593.7,6439.2,7317.5,6306.2,5671.4,6186.6,6247.1,5584,4819.6,4932.4,5417.8,5106.3,5691.7,4975,3797.7,2984.7,3822.6,2955.9,3291.9,4000.4,7951.8,6258.5,1919.7,2281.2,0,1100.1,1398.9,2022.7,3162.6,2828.5,6921.4,5359.5,5912.7,4462.8,3673.4,2960.4,2101.8,1230.5,1744.7,4490.7,6714,3168.6,2919.3
14999.7,13567.5,16099.9,14807,14015.9,12531.8,12291.7,12107.3,13377.1,15631.8,13260.6,12716.1,12668.9,11930.3,11759.1,12313.3,10685.9,10333.6,10548.4,10940.5,9723.8,11322.5,11465.4,11127.3,10972.8,10954.1,10185.5,10136.7,10326.2,11577,12274.5,11875.6,14166.8,13591,14406.1,10538.1,11737.3,11288.7,9583.8,7334.2,7367.8,8761.2,9404.2,9141.4,9357.5,8500.8,8217.8,7757.9,8527.2,8814.3,7907.6,7655.3,6688.9,7314.4,8235.2,5378,6391,5605.7,6457.3,7335.6,6384.8,5821.5,6336.7,6397.1,5734,4969.7,5082.4,5374.3,4981.7,4703.8,3987.1,3293.8,2986.7,3972.7,3106,3442,4150.5,8554.9,6861.6,2522.9,2884.3,1102.8,0,874.5,2172.7,2174.7,1214.4,5933.5,4436.7,4989.9,3540,2695.8,1982.8,994.5,1862.4,2540.8,5286.9,7121.1,3655.5,3110.2
14801.7,12657.3,14266.5,13896.8,13105.7,11621.6,11381.5,11197.1,13530.8,16663.1,13006.1,12461.6,12414.3,11675.8,11504.6,12058.8,10431.4,10079,10293.9,10686,9469.3,10412.3,10555.2,10217.1,10062.6,10044,9275.3,9226.5,9416.1,10666.8,11364.4,10965.4,13256.6,13392.9,14208,10340.1,11539.2,11090.6,9385.8,6424,6457.6,7851,8494.1,8231.2,9108.4,8246.3,7876.3,7416.4,8487.8,7904.1,6997.4,7587.4,6434.4,7059.8,7980.7,5123.5,5612.8,5351.2,5679.1,6557.4,5546.1,4911.3,5426.5,5487,4823.8,4059.5,4172.2,4657.7,4346.2,4449.3,3732.6,3037.6,2224.6,3062.5,2195.8,2531.8,3240.3,8356.9,6663.5,1411.8,2686.3,1408.7,870.9,0,1027.9,1920.2,2074,6167,5404.4,5957.5,4507.6,3663.5,2950.4,2617.8,2402.6,3173.2,5919.2,7661.3,4195.7,3650.4
15145.8,12351.7,13960.9,13591.2,12800.1,11316,11075.9,10891.5,13225.2,16357.5,12271,11726.5,11679.2,10940.7,10769.5,11323.7,9696.3,9343.9,9558.8,9950.9,8734.2,10106.7,10249.6,9911.5,9757,9738.4,8969.7,8920.9,9110.4,10361.2,11058.7,10659.8,12951,13737.1,14552.2,10684.2,11883.4,11434.8,7501.7,6118.4,6152,7545.4,8188.4,7925.6,7958.8,7212.9,6866.5,6406.6,7061.5,7598.5,6691.8,6121.4,5436.6,5963.3,7245.6,4272.4,4603,4481.7,4669.3,5547.6,4536.3,4605.7,5120.9,5181.3,4518.2,3753.9,3866.6,3647.9,3336.4,3714.2,3464.7,1822.3,1081.1,2052.7,1186,2226.2,2934.7,8701,7007.7,1493.8,3030.4,2037.1,2135,1265.4,0,1730.1,2585.3,6678.2,5915.6,6468.8,5018.9,4174.7,3461.7,3246.2,3031,3517.3,6263.4,8486.7,4941.2,4278.8
16191.7,15564.7,15978.9,15611.6,14820.5,12536.3,12296.2,11696.8,12363,14617.7,12246.5,11702,11654.8,10916.2,10745,11299.2,10681.3,10326.8,9534.3,9926.4,8709.7,11293.2,11469.9,11267.5,10977.3,10924.8,10190,10141.2,10330.8,11581.5,12279.1,11880.1,14171.4,15146.2,15961.3,12093.3,13292.5,12843.9,9095.6,7324.2,7372.6,8765.8,9408.8,8786.3,8420.8,7564.1,7281.1,6821.2,7590.5,8096.1,8100,6718.6,5752.2,6377.7,7401.4,4028.9,5454.3,4669.1,5520.6,6398.9,5448.1,6398.2,6543.3,7899.1,7236,6155.2,5242.9,4437.6,4045,3767.1,2255.5,2357.2,2050,3314.7,3079.2,3898.3,4606.7,10110.1,8416.8,3031.1,4439.5,3162,2173.8,1920.2,1730.1,0,1399.5,5257.4,4394.9,4948,4612.6,3265.6,3055.4,2942.9,3845.2,4523.5,7584.8,9050.5,5581.8,5036.6
16008.4,18026.6,18440.7,15815.7,15024.6,13540.4,13300.4,14158.6,14824.8,17079.5,14708.4,14163.8,14116.6,13378.1,13206.9,13761.1,13143.2,10160.3,11996.2,12388.3,11171.6,11102,12474.1,12136,11981.5,11962.8,11194.2,11145.4,11334.9,12585.6,13283.2,12884.3,15175.5,14599.6,15414.7,11546.8,12745.9,12297.4,10592.5,8087.6,8135.9,9769.9,10412.9,10150,9184.2,8327.5,8044.5,7584.6,8353.9,8859.5,8916.3,7482,6515.6,7141.1,8061.9,5204.7,6217.7,5432.4,6284,7162.3,6211.5,7161.6,7306.7,7405.8,6742.7,5978.4,6006.2,5201,4808.4,4530.5,3008.2,3120.5,2813.4,4078.1,3842.6,4450.7,5159.1,9563.6,7870.2,3531.5,3893,2615.4,1627.2,1883.2,2407.7,2001.4,0,4918.5,4962.8,5516,4066.1,3221.9,1090.2,2396.3,3609.3,4379.9,7038.3,8503.9,5035.3,4490
19557,18930,19344.2,18977,18185.9,17216.6,16780.3,15062.1,15728.3,17983,15611.8,15067.3,15020.1,14281.5,14110.4,14664.6,14046.7,13692.1,12899.6,13291.8,12075,14658.5,15362.9,14632.9,15049.1,14290.1,14921.4,15155.1,15344.6,16595.3,17292.9,16894,19185.2,18942.6,19757.7,15889.7,17088.9,16640.3,14109.4,12338.1,12386.4,13899.7,14542.8,13109.7,12744.2,11887.5,11604.5,11144.5,11913.9,12419.4,12423.3,11042,10075.5,10701,10766.7,8208.8,9715.7,8992.4,10534.5,11412.8,9845.5,10795.6,11557.2,12034.2,11633.4,10606.8,9694.4,8889.2,8496.5,8164.5,6955.1,7463.5,7156.3,8847.3,8185.6,8793.6,9502.1,13906.5,12213.2,7874.5,8235.9,6958.4,5970.2,6226.1,6750.7,5387.1,4934.2,0,3355,4287.2,4499.7,4746.4,5378.9,6739.3,6592.4,8722.8,8679.7,10222.1,6676.7,6131.4
18633.9,18007,18421.1,18053.9,17262.8,16293.5,15857.2,14139,14805.2,17059.9,14688.8,14144.2,14097,13358.5,13187.3,13741.5,13123.6,12769,11976.6,12368.7,11152,13735.4,14439.8,13709.8,14126,13367.1,13998.4,14232,14421.6,15672.3,16369.8,15970.9,18262.1,19721.7,18881.1,15013.2,16212.3,15763.7,13186.4,11415,11463.3,12976.7,13619.7,12186.6,11821.1,10964.4,10681.4,10221.5,10990.8,11496.4,11500.2,10118.9,9152.5,9777.9,9843.6,7285.7,8792.7,8069.3,9611.4,10489.7,8922.5,9872.6,10634.1,11111.2,10710.4,9683.7,8771.3,7966.1,7573.5,7241.5,6032,6635.8,6328.7,7924.2,7357.9,7966,8674.4,13030,9661.7,7046.8,7408.3,5059.7,4443.1,5398.5,5923,4393.9,3935.7,3503.4,0,1647.9,1860.5,2107.2,2812.6,3267.7,3953.2,4790.7,6040.4,7582.9,4037.5,3492.2
19559.3,18932.4,19346.5,18979.3,18188.2,17218.9,16782.6,15064.4,15730.6,17985.3,15614.2,15069.6,15022.4,14283.9,14112.7,14666.9,14049,13694.4,12902,13294.1,12077.4,14660.8,15365.2,14635.2,15051.4,14292.5,14923.8,15157.4,15347,16597.7,17295.2,16896.3,19187.5,20647.1,19431.7,15563.7,16762.9,16314.3,14111.8,12340.4,12388.7,13902.1,14545.1,13112,12746.5,11889.8,11606.8,11146.9,11916.2,12421.8,12425.6,11044.3,10077.9,10703.3,10769,8211.1,9718.1,8994.7,10536.8,11415.1,9847.9,10798,11559.5,12036.6,11635.7,10609.1,9696.7,8891.5,8498.9,8166.9,6957.4,7186.4,6879.2,8849.6,7908.5,8516.5,9225,13580.5,10212.3,7597.4,7958.8,5610.3,4993.7,5949,6473.6,4944.5,4594.2,4428.8,1670.5,0,1336.6,2657.8,3363.1,3818.2,4503.8,5341.3,6591,6900.7,4588,4042.8
18829.8,19133.2,19547.4,19180.2,18389.1,16158,15917.9,15265.3,15931.5,18186.2,15815.1,15270.5,15223.3,14484.8,14313.6,14867.8,14249.9,13895.3,13102.9,13495,12278.2,14861.7,15566.1,14836.1,15252.3,14493.4,13811.8,13763,13952.5,15203.2,15900.8,15501.8,17793.1,17421,18236.1,14368.2,15567.3,15118.8,13413.9,10705.2,10753.5,12387.5,13030.5,13312.9,12947.4,12090.7,11807.7,11347.8,12117.1,12622.6,12626.5,11245.2,10278.8,10904.2,10969.9,6887,9918.9,9195.6,8901.6,9779.9,8829,9779.2,9924.3,10023.4,9360.3,8596,8623.8,7818.6,7425.9,7148.1,7158.3,5738.1,5430.9,6695.6,6460.2,7068.2,7776.7,12385,9016.7,6149.1,6510.6,4268.3,3545.4,4500.8,5025.3,4619,3658.7,4629.7,1871.4,1332,0,1274.2,2700,2370,3161.8,3999.3,5249,5601.3,3246,2700.7
17794,17405.9,17820.1,17452.8,16661.8,15326.1,15086,13538,14204.2,16458.9,14087.7,13543.2,13496,12757.4,12586.3,13140.5,12522.5,12168,11375.5,11767.6,10550.9,13134.4,13838.8,13108.7,13767.1,12766,12979.8,12931,13120.5,14371.2,15068.8,14669.9,16961.1,16385.2,17200.3,13332.4,14531.5,14083,12378.1,9287,9335.3,11555.5,12198.5,10806.6,10441.1,9584.4,9301.4,8841.4,9610.8,10116.3,10120.2,8738.9,7772.4,8397.9,9242.6,5870.1,7535.1,6689.3,7483.4,8361.7,7468.3,8418.5,8506.1,9191.4,8528.3,7764,7355.8,6550.6,6157.9,6316.1,4096.7,4906.2,4599,5863.7,5628.2,6236.3,6944.8,11349.2,9000.5,5317.1,5678.6,3379,2713.4,3668.8,4193.3,3264.5,2806.2,4865.3,2107,2660.2,1274.2,0,1040.1,1538,2220.6,4078.1,5379.2,6921.7,3376.2,2831
17082.9,16976.5,17390.6,17023.4,16232.3,14615,14374.9,13108.5,13774.7,16029.4,13658.3,13113.8,13066.5,12328,12156.8,12711,12093.1,11738.5,10946.1,11338.2,10121.5,12704.9,13548.6,12679.3,13056,12336.6,12268.7,12219.9,12409.5,13660.2,14357.7,13958.8,16250,15674.2,16489.3,12621.3,13820.5,13371.9,11667,9162.2,9210.5,10844.4,11487.5,10624.2,10258.8,9402.1,9119,8659.1,9428.4,9934,9990.8,8556.6,7590.1,8215.6,8813.1,5440.7,7292.3,6507,7358.6,8236.8,7286,8236.1,8381.3,8480.4,7817.2,7052.9,7080.8,6275.6,5882.9,5605,3667.2,4195.1,3887.9,5152.6,4917.2,5525.2,6233.7,10638.1,8944.8,4606.1,4967.5,2667.9,2002.4,2957.7,3482.2,2835,1090.2,5514.6,2812.4,3365.6,2928.3,1040.1,0,1258.6,2469.7,3524.5,5900.6,7366.2,3897.6,3352.3
16090.9,14658.7,17752.8,15898.2,15107.1,13623,13382.9,12461.1,14136.9,16391.6,14020.4,13475.9,13428.7,12690.1,12518.9,13073.2,11445.7,11093.4,11308.2,11700.3,10483.6,12413.7,12556.6,12218.5,12064,12045.4,11276.7,11227.9,11417.5,12668.2,13365.8,12966.8,15258.1,14682.2,15497.3,11629.3,12828.5,12379.9,10675.1,9020.8,9069.1,9852.5,10495.5,10232.6,10117.3,9260.6,8977.6,8517.7,9287,9792.6,8998.8,8415.1,7448.7,8074.2,8995,6137.8,7150.8,6365.6,7217.2,8095.4,7144.6,8094.7,8239.9,7488.4,6825.3,6060.9,6939.4,6134.2,5741.5,5463.6,4746.9,4053.7,3746.5,5011.2,4197.2,4533.2,5241.7,9646.1,7952.8,3614.1,3975.5,1782.4,994.5,2816.3,3340.8,2934.5,1974.3,6693.3,3281.6,3834.7,2384.8,1540.7,1257.8,0,858.8,2631.2,4665.8,6360,2814.5,2117.5
15681.5,14249.3,15858.5,15488.8,14697.7,13213.6,12973.5,12789.1,15122.7,18255.1,14752.5,14208,15266.9,13422.2,13251.1,14821.2,12177.8,11825.5,12040.3,12432.4,11215.7,12004.3,12147.2,11809.1,11654.6,11635.9,10867.3,10818.5,11008,12258.7,12956.3,12557.4,14848.6,14272.8,15087.9,11219.9,12419.1,11970.5,10265.6,8016,8049.6,9443,10086,9823.2,10700.3,9992.7,9468.3,9008.4,10079.8,9496.1,8589.4,9179.4,8038.4,8565.1,9727.1,6869.9,7204.8,7097.7,7271.1,8149.4,7138.1,6503.3,7018.5,7078.9,6415.8,5651.5,5764.2,6249.7,5938.2,6195.7,5479,4629.6,3816.6,4654.5,3787.8,4123.8,4832.3,9236.7,7543.4,3204.6,3566.1,1373,1693.1,2230.8,2854.5,3666.7,2706.4,6710.3,3952,4505.2,3055.2,2223,2470.4,859.9,0,2229.6,4119.6,5662.1,2116.6,1726.9
16327.4,17263.4,17427.6,17901.2,17110.1,15626,15385.9,15201.5,17535.1,20667.5,15405.7,14861.2,17679.3,14075.4,13904.3,17233.6,15288.8,14971.6,12693.6,13085.7,11868.9,14416.7,14559.6,14221.5,14067,14048.3,13279.7,13230.9,13420.4,14671.1,15368.7,14969.8,17022,14918.6,15733.7,11865.8,13064.9,12616.4,10911.5,10428.4,10462,11855.4,12498.4,12235.6,13112.7,10347.6,10001.3,9541.3,12492.2,11908.4,11001.8,11591.8,8571.4,9098.1,10380.3,7407.1,7737.7,7616.5,7804.1,10723.9,7671,6961.8,9430.9,10048.3,8652.9,6110,6222.7,6782.6,6471.1,6848.9,6326.7,5162.5,4349.5,5187.4,4320.7,4582.2,5290.7,9882.6,6514.4,3017.4,2163.8,1744.7,2540.8,3154.3,3522.7,4514.3,3554,8676.9,4800.1,5353.2,3903.3,4079.3,3514.3,2655.7,2069.4,0,2893.1,5464.1,1881.9,2230
17326.9,18262.9,18427.1,18900.7,18109.6,16625.5,16385.4,16201,18534.6,21667,20134.7,20386.6,18678.8,19024.6,18662.7,18233.1,16288.3,15971.1,16613.7,17073.7,16464.1,15416.2,15559.1,15221,15066.5,15047.8,14279.2,14230.4,14419.9,15670.6,16368.2,15969.3,18021.5,15918.1,16733.2,12865.3,14064.4,13615.9,11911,11427.9,11461.5,12854.9,13497.9,13235.1,14112.2,14247.1,14428.7,13793.3,13491.7,12907.9,12001.3,12591.3,14052.8,13483,15253,12182.5,12345.8,12224.5,12179.6,11723.4,11175.8,10519.4,10430.3,11047.8,9652.4,9045.1,9157.9,10460.9,9924.8,11508.3,11344.1,7893.7,7080.7,9904.8,8880.8,7888.1,8594.2,10882.1,5399.4,5748.5,5225,4475.8,5271.9,5885.5,6253.8,7584.3,6624,8815.6,6057.3,6610.4,5160.5,5385.2,5907.6,4656.1,4221.8,2878.1,0,4433.6,3139.1,3487.2
19531.5,20467.6,20631.7,21105.3,20314.2,18830.1,18590,18405.6,20739.3,23871.7,22339.4,22591.3,20883.5,21229.3,20867.4,20437.8,18493,18175.8,18818.4,19229.4,18012.7,17620.9,17763.7,17425.6,17271.1,17252.5,16483.9,16435.1,16624.6,17875.3,18572.9,18174,20226.2,18122.8,18937.9,15070,16269.1,15820.5,14115.7,13632.6,13666.1,15059.6,15702.6,15439.7,16316.9,16451.7,16633.4,15998,15696.3,15112.6,14206,14796,13569.2,15687.7,17457.6,12258.4,14550.5,12486.1,14384.3,13928,13380.5,12724,12635,13252.5,11857.1,11249.8,11362.5,12665.6,12129.5,11584.1,12892.7,10174.2,9316,12109.4,11085.4,10092.8,10798.9,13086.8,8586.1,7983.8,7429.6,6711.1,7390.5,7928.2,8489.1,9055.1,8094.8,10364.1,7605.8,6894.3,5599.5,6933.7,7378.3,6398.2,5659.2,5478.1,4437.2,0,4016.9,4009.1
16552.5,17488.5,17652.7,18126.3,17335.2,15851.1,15611,15426.6,17760.3,20892.6,18005.8,17461.3,17904.4,16675.5,16504.3,17458.8,15513.9,15196.7,15293.6,15685.7,14469,14641.8,14784.7,14446.6,14292.1,14273.5,13504.8,13456,13645.6,14896.3,15593.9,15194.9,17247.2,15143.8,15958.9,12090.9,13290.1,12841.5,11136.6,10653.5,10687.1,12080.6,12723.6,12460.7,13337.9,11915.3,11632.3,13019,12717.3,12133.6,11226.9,11816.9,10103.4,10728.8,13160.6,8792.5,9160.5,9020.2,9226.8,10949,10401.4,9745,9656,10273.4,8878.1,8270.8,8383.5,8205.4,7893.9,8118.3,9349,6708.3,5772.3,6610.2,5743.5,6005,7819.9,10107.7,6739.5,4440.2,4801.6,3167.4,3653.3,4191,4945.4,5589.2,4628.9,6820.5,4062.2,4615.3,3165.4,3390,3912.5,2813.4,2115.5,1868.5,3118.2,4018.7,0,680.8
17239.3,18175.4,18339.5,18813.1,18022,16537.9,16297.8,16113.4,18447.1,21579.5,17467.9,16923.3,16876.1,16137.6,15966.4,16520.6,15902.7,15548.1,14755.7,15147.8,13931.1,15328.7,15471.5,15133.4,14978.9,14960.3,14191.7,14142.9,14332.4,15583.1,16280.7,15881.8,17934,15830.6,16645.7,12777.8,13976.9,13528.3,11823.5,11340.4,11373.9,12767.4,13410.4,13147.5,14024.7,11377.4,11094.4,10634.4,13404.1,12820.4,11913.8,12503.8,9565.4,10190.9,12622.7,8254.6,8627.1,8482.3,9333.9,11635.8,8560.3,10431.8,10342.8,10960.3,9564.9,8957.6,9070.3,7671.9,7360.4,7580.3,8811.1,6170.4,5238.8,6076.8,5210.1,5755.8,8506.7,10794.6,7426.3,4190.9,4552.3,2795.2,3115.4,3653,4276.8,5051.3,4091,6282.5,3524.2,4077.4,2627.5,2852.1,3374.5,2123,1688.7,2221.4,3471.1,4010.9,680.8,0
